2025-12-11 00:10:30,387 | INFO | BotTrainer | name        | s_normalize | s_total_pro | s_win_rate  | s_num_trade | s_max_drawd | s_max_winni | p_fast_peri | p_slow_peri | p_buffer_si | p_slope_thr | p_tp_pct    | p_sl_pct    | p_warmup_co
2025-12-11 00:10:30,387 | INFO | BotTrainer | -------------------------------------------------------------------------------------------------------------------------------------------------------------------------------------------------
2025-12-11 00:10:30,388 | INFO | BotTrainer | Bot_282     | 0.58        | 248.26      | 0.76        | 29.00       | 3.16        | 12.00       | 50.00       | 150.00      | 2.00        | 1.00        | 1.50        | 1.50        | 150.00     
2025-12-11 00:10:30,388 | INFO | BotTrainer | Bot_178     | 0.52        | -67.73      | 0.48        | 90.00       | 23.51       | 12.00       | 21.00       | 75.00       | 2.00        | 0.00        | 1.50        | 1.50        | 75.00      
2025-12-11 00:10:30,388 | INFO | BotTrainer | Bot_182     | 0.50        | -147.59     | 0.44        | 86.00       | 29.12       | 12.00       | 21.00       | 75.00       | 2.00        | 0.50        | 1.50        | 1.50        | 75.00      
2025-12-11 00:10:30,389 | INFO | BotTrainer | Bot_98      | 0.50        | -68.36      | 0.48        | 96.00       | 22.41       | 11.00       | 14.00       | 75.00       | 2.00        | 0.00        | 1.50        | 1.50        | 75.00      
2025-12-11 00:10:30,389 | INFO | BotTrainer | Bot_186     | 0.48        | -107.05     | 0.45        | 73.00       | 24.54       | 11.00       | 21.00       | 75.00       | 2.00        | 1.00        | 1.50        | 1.50        | 75.00      
2025-12-11 00:10:30,389 | INFO | BotTrainer | Bot_102     | 0.47        | -81.92      | 0.47        | 93.00       | 22.39       | 10.00       | 14.00       | 75.00       | 2.00        | 0.50        | 1.50        | 1.50        | 75.00      
2025-12-11 00:10:30,390 | INFO | BotTrainer | Bot_34      | 0.46        | -108.85     | 0.46        | 91.00       | 26.95       | 10.00       | 8.00        | 100.00      | 2.00        | 0.00        | 1.50        | 1.50        | 100.00     
2025-12-11 00:10:30,390 | INFO | BotTrainer | Bot_218     | 0.46        | -51.19      | 0.48        | 67.00       | 19.74       | 10.00       | 21.00       | 150.00      | 2.00        | 1.00        | 1.50        | 1.50        | 150.00     
2025-12-11 00:10:30,390 | INFO | BotTrainer | Bot_38      | 0.46        | -122.02     | 0.46        | 90.00       | 28.05       | 10.00       | 8.00        | 100.00      | 2.00        | 0.50        | 1.50        | 1.50        | 100.00     
2025-12-11 00:10:30,391 | INFO | BotTrainer | Bot_242     | 0.46        | 21.22       | 0.51        | 80.00       | 13.32       | 9.00        | 50.00       | 75.00       | 2.00        | 0.00        | 1.50        | 1.50        | 75.00      
2025-12-11 00:10:30,391 | INFO | BotTrainer | Bot_210     | 0.45        | -120.64     | 0.45        | 76.00       | 25.73       | 10.00       | 21.00       | 150.00      | 2.00        | 0.00        | 1.50        | 1.50        | 150.00     
2025-12-11 00:10:30,391 | INFO | BotTrainer | Bot_214     | 0.45        | -120.44     | 0.45        | 74.00       | 25.71       | 10.00       | 21.00       | 150.00      | 2.00        | 0.50        | 1.50        | 1.50        | 150.00     
2025-12-11 00:10:30,392 | INFO | BotTrainer | Bot_194     | 0.44        | 52.33       | 0.53        | 80.00       | 10.88       | 8.00        | 21.00       | 100.00      | 2.00        | 0.00        | 1.50        | 1.50        | 100.00     
2025-12-11 00:10:30,392 | INFO | BotTrainer | Bot_284     | 0.43        | 246.61      | 0.67        | 27.00       | 7.72        | 7.00        | 50.00       | 150.00      | 2.00        | 1.00        | 2.00        | 1.50        | 150.00     
2025-12-11 00:10:30,392 | INFO | BotTrainer | Bot_202     | 0.43        | 38.64       | 0.52        | 63.00       | 10.60       | 8.00        | 21.00       | 100.00      | 2.00        | 1.00        | 1.50        | 1.50        | 100.00     
2025-12-11 00:10:30,393 | INFO | BotTrainer | Bot_140     | 0.43        | 19.96       | 0.44        | 68.00       | 20.46       | 9.00        | 14.00       | 150.00      | 2.00        | 1.00        | 2.00        | 1.50        | 150.00     
2025-12-11 00:10:30,393 | INFO | BotTrainer | Bot_122     | 0.43        | 21.45       | 0.51        | 78.00       | 16.92       | 8.00        | 14.00       | 100.00      | 2.00        | 1.00        | 1.50        | 1.50        | 100.00     
2025-12-11 00:10:30,393 | INFO | BotTrainer | Bot_118     | 0.42        | -38.69      | 0.49        | 84.00       | 14.84       | 8.00        | 14.00       | 100.00      | 2.00        | 0.50        | 1.50        | 1.50        | 100.00     
2025-12-11 00:10:30,394 | INFO | BotTrainer | Bot_110     | 0.42        | 38.18       | 0.52        | 67.00       | 16.61       | 8.00        | 14.00       | 75.00       | 2.00        | 2.00        | 1.50        | 1.50        | 75.00      
2025-12-11 00:10:30,394 | INFO | BotTrainer | Bot_138     | 0.42        | -120.05     | 0.44        | 70.00       | 26.02       | 9.00        | 14.00       | 150.00      | 2.00        | 1.00        | 1.50        | 1.50        | 150.00     
2025-12-11 00:10:30,394 | INFO | BotTrainer | Bot_114     | 0.42        | -67.31      | 0.48        | 86.00       | 17.42       | 8.00        | 14.00       | 100.00      | 2.00        | 0.00        | 1.50        | 1.50        | 100.00     
2025-12-11 00:10:30,395 | INFO | BotTrainer | Bot_61      | 0.42        | 55.03       | 0.43        | 84.00       | 11.16       | 8.00        | 8.00        | 150.00      | 2.00        | 2.00        | 1.50        | 1.00        | 150.00     
2025-12-11 00:10:30,395 | INFO | BotTrainer | Bot_62      | 0.42        | -22.73      | 0.49        | 71.00       | 16.01       | 8.00        | 8.00        | 150.00      | 2.00        | 2.00        | 1.50        | 1.50        | 150.00     
2025-12-11 00:10:30,395 | INFO | BotTrainer | Bot_58      | 0.41        | -94.26      | 0.46        | 80.00       | 23.40       | 8.00        | 8.00        | 150.00      | 2.00        | 1.00        | 1.50        | 1.50        | 150.00     
2025-12-11 00:10:30,396 | INFO | BotTrainer | Bot_130     | 0.41        | -94.06      | 0.46        | 78.00       | 22.25       | 8.00        | 14.00       | 150.00      | 2.00        | 0.00        | 1.50        | 1.50        | 150.00     
2025-12-11 00:10:30,396 | INFO | BotTrainer | Bot_54      | 0.41        | -107.85     | 0.46        | 81.00       | 24.57       | 8.00        | 8.00        | 150.00      | 2.00        | 0.50        | 1.50        | 1.50        | 150.00     
2025-12-11 00:10:30,397 | INFO | BotTrainer | Bot_50      | 0.41        | -107.85     | 0.46        | 81.00       | 24.57       | 8.00        | 8.00        | 150.00      | 2.00        | 0.00        | 1.50        | 1.50        | 150.00     
2025-12-11 00:10:30,397 | INFO | BotTrainer | Bot_258     | 0.41        | -121.03     | 0.45        | 80.00       | 24.61       | 8.00        | 50.00       | 100.00      | 2.00        | 0.00        | 1.50        | 1.50        | 100.00     
2025-12-11 00:10:30,397 | INFO | BotTrainer | Bot_18      | 0.40        | -211.23     | 0.43        | 109.00      | 32.50       | 8.00        | 8.00        | 75.00       | 2.00        | 0.00        | 1.50        | 1.50        | 75.00      
2025-12-11 00:10:30,398 | INFO | BotTrainer | Bot_120     | 0.40        | -40.88      | 0.42        | 79.00       | 20.44       | 8.00        | 14.00       | 100.00      | 2.00        | 0.50        | 2.00        | 1.50        | 100.00     
2025-12-11 00:10:30,398 | INFO | BotTrainer | Bot_22      | 0.40        | -223.06     | 0.43        | 110.00      | 33.53       | 8.00        | 8.00        | 75.00       | 2.00        | 0.50        | 1.50        | 1.50        | 75.00      
2025-12-11 00:10:30,398 | INFO | BotTrainer | Bot_116     | 0.40        | -69.44      | 0.41        | 81.00       | 22.87       | 8.00        | 14.00       | 100.00      | 2.00        | 0.00        | 2.00        | 1.50        | 100.00     
2025-12-11 00:10:30,399 | INFO | BotTrainer | Bot_124     | 0.40        | -39.88      | 0.42        | 72.00       | 20.72       | 8.00        | 14.00       | 100.00      | 2.00        | 1.00        | 2.00        | 1.50        | 100.00     
2025-12-11 00:10:30,399 | INFO | BotTrainer | Bot_298     | 0.40        | 123.71      | 0.63        | 30.00       | 4.52        | 6.00        | 50.00       | 200.00      | 2.00        | 1.00        | 1.50        | 1.50        | 200.00     
2025-12-11 00:10:30,400 | INFO | BotTrainer | Bot_90      | 0.40        | 49.72       | 0.52        | 102.00      | 12.31       | 6.00        | 14.00       | 50.00       | 2.00        | 1.00        | 1.50        | 1.50        | 50.00      
2025-12-11 00:10:30,401 | INFO | BotTrainer | Bot_20      | 0.39        | -168.52     | 0.38        | 100.00      | 32.75       | 8.00        | 8.00        | 75.00       | 2.00        | 0.00        | 2.00        | 1.50        | 75.00      
2025-12-11 00:10:30,402 | INFO | BotTrainer | Bot_82      | 0.39        | -137.33     | 0.46        | 113.00      | 24.89       | 7.00        | 14.00       | 50.00       | 2.00        | 0.00        | 1.50        | 1.50        | 50.00      
2025-12-11 00:10:30,402 | INFO | BotTrainer | Bot_24      | 0.39        | -180.99     | 0.38        | 101.00      | 33.79       | 8.00        | 8.00        | 75.00       | 2.00        | 0.50        | 2.00        | 1.50        | 75.00      
2025-12-11 00:10:30,403 | INFO | BotTrainer | Bot_246     | 0.39        | -36.95      | 0.49        | 68.00       | 14.71       | 7.00        | 50.00       | 75.00       | 2.00        | 0.50        | 1.50        | 1.50        | 75.00      
2025-12-11 00:10:30,403 | INFO | BotTrainer | Bot_164     | 0.39        | -43.89      | 0.42        | 100.00      | 19.84       | 7.00        | 21.00       | 50.00       | 2.00        | 0.00        | 2.00        | 1.50        | 50.00      
2025-12-11 00:10:30,404 | INFO | BotTrainer | Bot_89      | 0.38        | 270.83      | 0.48        | 130.00      | 6.96        | 5.00        | 14.00       | 50.00       | 2.00        | 1.00        | 1.50        | 1.00        | 50.00      
2025-12-11 00:10:30,405 | INFO | BotTrainer | Bot_85      | 0.38        | 109.80      | 0.43        | 141.00      | 12.14       | 6.00        | 14.00       | 50.00       | 2.00        | 0.50        | 1.50        | 1.00        | 50.00      
2025-12-11 00:10:30,405 | INFO | BotTrainer | Bot_283     | 0.38        | 278.76      | 0.62        | 29.00       | 3.18        | 5.00        | 50.00       | 150.00      | 2.00        | 1.00        | 2.00        | 1.00        | 150.00     
2025-12-11 00:10:30,406 | INFO | BotTrainer | Bot_86      | 0.38        | -69.82      | 0.48        | 110.00      | 17.87       | 6.00        | 14.00       | 50.00       | 2.00        | 0.50        | 1.50        | 1.50        | 50.00      
2025-12-11 00:10:30,406 | INFO | BotTrainer | Bot_162     | 0.38        | -222.71     | 0.42        | 106.00      | 31.45       | 7.00        | 21.00       | 50.00       | 2.00        | 0.00        | 1.50        | 1.50        | 50.00      
2025-12-11 00:10:30,407 | INFO | BotTrainer | Bot_14      | 0.38        | -11.41      | 0.50        | 102.00      | 22.03       | 6.00        | 8.00        | 50.00       | 2.00        | 2.00        | 1.50        | 1.50        | 50.00      
2025-12-11 00:10:30,408 | INFO | BotTrainer | Bot_29      | 0.38        | 53.85       | 0.42        | 99.00       | 11.18       | 6.00        | 8.00        | 75.00       | 2.00        | 2.00        | 1.50        | 1.00        | 75.00      
2025-12-11 00:10:30,408 | INFO | BotTrainer | Bot_278     | 0.37        | 154.29      | 0.59        | 58.00       | 9.17        | 5.00        | 50.00       | 150.00      | 2.00        | 0.50        | 1.50        | 1.50        | 150.00     
2025-12-11 00:10:30,409 | INFO | BotTrainer | Bot_281     | 0.37        | 170.51      | 0.62        | 29.00       | 3.63        | 5.00        | 50.00       | 150.00      | 2.00        | 1.00        | 1.50        | 1.00        | 150.00     
2025-12-11 00:10:30,410 | INFO | BotTrainer | Bot_134     | 0.37        | -159.05     | 0.42        | 73.00       | 25.71       | 7.00        | 14.00       | 150.00      | 2.00        | 0.50        | 1.50        | 1.50        | 150.00     
2025-12-11 00:10:30,410 | INFO | BotTrainer | Bot_8       | 0.37        | -160.68     | 0.38        | 104.00      | 31.99       | 7.00        | 8.00        | 50.00       | 2.00        | 0.50        | 2.00        | 1.50        | 50.00      
2025-12-11 00:10:30,411 | INFO | BotTrainer | Bot_4       | 0.37        | -160.68     | 0.38        | 104.00      | 31.99       | 7.00        | 8.00        | 50.00       | 2.00        | 0.00        | 2.00        | 1.50        | 50.00      
2025-12-11 00:10:30,411 | INFO | BotTrainer | Bot_126     | 0.37        | -77.57      | 0.45        | 51.00       | 21.39       | 7.00        | 14.00       | 100.00      | 2.00        | 2.00        | 1.50        | 1.50        | 100.00     
2025-12-11 00:10:30,412 | INFO | BotTrainer | Bot_136     | 0.37        | -72.82      | 0.40        | 72.00       | 23.00       | 7.00        | 14.00       | 150.00      | 2.00        | 0.50        | 2.00        | 1.50        | 150.00     
2025-12-11 00:10:30,412 | INFO | BotTrainer | Bot_84      | 0.37        | -180.99     | 0.38        | 101.00      | 32.75       | 7.00        | 14.00       | 50.00       | 2.00        | 0.00        | 2.00        | 1.50        | 50.00      
2025-12-11 00:10:30,413 | INFO | BotTrainer | Bot_30      | 0.37        | -81.30      | 0.47        | 87.00       | 21.71       | 6.00        | 8.00        | 75.00       | 2.00        | 2.00        | 1.50        | 1.50        | 75.00      
2025-12-11 00:10:30,413 | INFO | BotTrainer | Bot_217     | 0.36        | 13.46       | 0.41        | 88.00       | 12.45       | 6.00        | 21.00       | 150.00      | 2.00        | 1.00        | 1.50        | 1.00        | 150.00     
2025-12-11 00:10:30,414 | INFO | BotTrainer | Bot_139     | 0.36        | 117.80      | 0.38        | 81.00       | 12.13       | 6.00        | 14.00       | 150.00      | 2.00        | 1.00        | 2.00        | 1.00        | 150.00     
2025-12-11 00:10:30,414 | INFO | BotTrainer | Bot_92      | 0.36        | -28.31      | 0.42        | 92.00       | 18.20       | 6.00        | 14.00       | 50.00       | 2.00        | 1.00        | 2.00        | 1.50        | 50.00      
2025-12-11 00:10:30,415 | INFO | BotTrainer | Bot_230     | 0.36        | 70.52       | 0.54        | 61.00       | 7.70        | 5.00        | 21.00       | 200.00      | 2.00        | 0.50        | 1.50        | 1.50        | 200.00     
2025-12-11 00:10:30,415 | INFO | BotTrainer | Bot_232     | 0.36        | 163.11      | 0.51        | 57.00       | 6.44        | 5.00        | 21.00       | 200.00      | 2.00        | 0.50        | 2.00        | 1.50        | 200.00     
2025-12-11 00:10:30,416 | INFO | BotTrainer | Bot_112     | 0.36        | 174.07      | 0.51        | 61.00       | 10.72       | 5.00        | 14.00       | 75.00       | 2.00        | 2.00        | 2.00        | 1.50        | 75.00      
2025-12-11 00:10:30,417 | INFO | BotTrainer | Bot_137     | 0.36        | 8.95        | 0.41        | 81.00       | 13.23       | 6.00        | 14.00       | 150.00      | 2.00        | 1.00        | 1.50        | 1.00        | 150.00     
2025-12-11 00:10:30,418 | INFO | BotTrainer | Bot_286     | 0.36        | 44.74       | 0.64        | 11.00       | 3.04        | 5.00        | 50.00       | 150.00      | 2.00        | 2.00        | 1.50        | 1.50        | 150.00     
2025-12-11 00:10:30,418 | INFO | BotTrainer | Bot_31      | 0.36        | 233.78      | 0.42        | 89.00       | 12.32       | 5.00        | 8.00        | 75.00       | 2.00        | 2.00        | 2.00        | 1.00        | 75.00      
2025-12-11 00:10:30,419 | INFO | BotTrainer | Bot_78      | 0.36        | 171.87      | 0.60        | 57.00       | 3.39        | 4.00        | 8.00        | 200.00      | 2.00        | 2.00        | 1.50        | 1.50        | 200.00     
2025-12-11 00:10:30,420 | INFO | BotTrainer | Bot_109     | 0.36        | 29.82       | 0.42        | 74.00       | 16.52       | 6.00        | 14.00       | 75.00       | 2.00        | 2.00        | 1.50        | 1.00        | 75.00      
2025-12-11 00:10:30,420 | INFO | BotTrainer | Bot_262     | 0.36        | -93.45      | 0.46        | 72.00       | 21.25       | 6.00        | 50.00       | 100.00      | 2.00        | 0.50        | 1.50        | 1.50        | 100.00     
2025-12-11 00:10:30,421 | INFO | BotTrainer | Bot_88      | 0.36        | -108.38     | 0.40        | 100.00      | 23.93       | 6.00        | 14.00       | 50.00       | 2.00        | 0.50        | 2.00        | 1.50        | 50.00      
2025-12-11 00:10:30,422 | INFO | BotTrainer | Bot_10      | 0.36        | -56.72      | 0.49        | 119.00      | 16.95       | 5.00        | 8.00        | 50.00       | 2.00        | 1.00        | 1.50        | 1.50        | 50.00      
2025-12-11 00:10:30,424 | INFO | BotTrainer | Bot_128     | 0.36        | -74.26      | 0.39        | 49.00       | 21.79       | 7.00        | 14.00       | 100.00      | 2.00        | 2.00        | 2.00        | 1.50        | 100.00     
2025-12-11 00:10:30,424 | INFO | BotTrainer | Bot_300     | 0.35        | 127.91      | 0.55        | 29.00       | 4.91        | 5.00        | 50.00       | 200.00      | 2.00        | 1.00        | 2.00        | 1.50        | 200.00     
2025-12-11 00:10:30,425 | INFO | BotTrainer | Bot_6       | 0.35        | -28.21      | 0.50        | 121.00      | 21.89       | 5.00        | 8.00        | 50.00       | 2.00        | 0.50        | 1.50        | 1.50        | 50.00      
2025-12-11 00:10:30,426 | INFO | BotTrainer | Bot_93      | 0.35        | 213.53      | 0.50        | 80.00       | 6.40        | 4.00        | 14.00       | 50.00       | 2.00        | 2.00        | 1.50        | 1.00        | 50.00      
2025-12-11 00:10:30,426 | INFO | BotTrainer | Bot_2       | 0.35        | -57.14      | 0.49        | 123.00      | 23.09       | 5.00        | 8.00        | 50.00       | 2.00        | 0.00        | 1.50        | 1.50        | 50.00      
2025-12-11 00:10:30,427 | INFO | BotTrainer | Bot_79      | 0.35        | 326.07      | 0.48        | 64.00       | 4.32        | 4.00        | 8.00        | 200.00      | 2.00        | 2.00        | 2.00        | 1.00        | 200.00     
2025-12-11 00:10:30,428 | INFO | BotTrainer | Bot_77      | 0.35        | 214.43      | 0.51        | 70.00       | 5.17        | 4.00        | 8.00        | 200.00      | 2.00        | 2.00        | 1.50        | 1.00        | 200.00     
2025-12-11 00:10:30,428 | INFO | BotTrainer | Bot_148     | 0.35        | 100.02      | 0.48        | 63.00       | 13.38       | 5.00        | 14.00       | 200.00      | 2.00        | 0.00        | 2.00        | 1.50        | 200.00     
2025-12-11 00:10:30,429 | INFO | BotTrainer | Bot_226     | 0.35        | -7.17       | 0.50        | 64.00       | 11.96       | 5.00        | 21.00       | 200.00      | 2.00        | 0.00        | 1.50        | 1.50        | 200.00     
2025-12-11 00:10:30,429 | INFO | BotTrainer | Bot_156     | 0.34        | 89.75       | 0.47        | 59.00       | 11.17       | 5.00        | 14.00       | 200.00      | 2.00        | 1.00        | 2.00        | 1.50        | 200.00     
2025-12-11 00:10:30,430 | INFO | BotTrainer | Bot_221     | 0.34        | 95.88       | 0.49        | 43.00       | 6.90        | 5.00        | 21.00       | 150.00      | 2.00        | 2.00        | 1.50        | 1.00        | 150.00     
2025-12-11 00:10:30,430 | INFO | BotTrainer | Bot_95      | 0.34        | 298.13      | 0.45        | 78.00       | 6.71        | 4.00        | 14.00       | 50.00       | 2.00        | 2.00        | 2.00        | 1.00        | 50.00      
2025-12-11 00:10:30,431 | INFO | BotTrainer | Bot_108     | 0.34        | 65.04       | 0.46        | 79.00       | 16.38       | 5.00        | 14.00       | 75.00       | 2.00        | 1.00        | 2.00        | 1.50        | 75.00      
2025-12-11 00:10:30,432 | INFO | BotTrainer | Bot_169     | 0.34        | 11.95       | 0.41        | 108.00      | 13.63       | 5.00        | 21.00       | 50.00       | 2.00        | 1.00        | 1.50        | 1.00        | 50.00      
2025-12-11 00:10:30,432 | INFO | BotTrainer | Bot_63      | 0.34        | 129.43      | 0.39        | 77.00       | 8.28        | 5.00        | 8.00        | 150.00      | 2.00        | 2.00        | 2.00        | 1.00        | 150.00     
2025-12-11 00:10:30,433 | INFO | BotTrainer | Bot_240     | 0.34        | 184.53      | 0.57        | 35.00       | 3.49        | 4.00        | 21.00       | 200.00      | 2.00        | 2.00        | 2.00        | 1.50        | 200.00     
2025-12-11 00:10:30,434 | INFO | BotTrainer | Bot_277     | 0.34        | 190.27      | 0.50        | 72.00       | 8.97        | 4.00        | 50.00       | 150.00      | 2.00        | 0.50        | 1.50        | 1.00        | 150.00     
2025-12-11 00:10:30,435 | INFO | BotTrainer | Bot_106     | 0.34        | -67.10      | 0.48        | 84.00       | 22.01       | 5.00        | 14.00       | 75.00       | 2.00        | 1.00        | 1.50        | 1.50        | 75.00      
2025-12-11 00:10:30,435 | INFO | BotTrainer | Bot_198     | 0.34        | -66.47      | 0.47        | 78.00       | 18.79       | 5.00        | 21.00       | 100.00      | 2.00        | 0.50        | 1.50        | 1.50        | 100.00     
2025-12-11 00:10:30,436 | INFO | BotTrainer | Bot_228     | 0.34        | 68.39       | 0.47        | 58.00       | 12.86       | 5.00        | 21.00       | 200.00      | 2.00        | 0.00        | 2.00        | 1.50        | 200.00     
2025-12-11 00:10:30,437 | INFO | BotTrainer | Bot_75      | 0.34        | 139.82      | 0.39        | 85.00       | 16.43       | 5.00        | 8.00        | 200.00      | 2.00        | 1.00        | 2.00        | 1.00        | 200.00     
2025-12-11 00:10:30,438 | INFO | BotTrainer | Bot_234     | 0.34        | -5.83       | 0.50        | 52.00       | 13.11       | 5.00        | 21.00       | 200.00      | 2.00        | 1.00        | 1.50        | 1.50        | 200.00     
2025-12-11 00:10:30,439 | INFO | BotTrainer | Bot_73      | 0.34        | 23.32       | 0.41        | 92.00       | 17.79       | 5.00        | 8.00        | 200.00      | 2.00        | 1.00        | 1.50        | 1.00        | 200.00     
2025-12-11 00:10:30,439 | INFO | BotTrainer | Bot_69      | 0.34        | -2.26       | 0.40        | 97.00       | 17.56       | 5.00        | 8.00        | 200.00      | 2.00        | 0.50        | 1.50        | 1.00        | 200.00     
2025-12-11 00:10:30,443 | INFO | BotTrainer | Bot_236     | 0.33        | 48.53       | 0.46        | 50.00       | 10.96       | 5.00        | 21.00       | 200.00      | 2.00        | 1.00        | 2.00        | 1.50        | 200.00     
2025-12-11 00:10:30,445 | INFO | BotTrainer | Bot_71      | 0.33        | 73.44       | 0.36        | 88.00       | 12.71       | 5.00        | 8.00        | 200.00      | 2.00        | 0.50        | 2.00        | 1.00        | 200.00     
2025-12-11 00:10:30,447 | INFO | BotTrainer | Bot_238     | 0.33        | 73.65       | 0.57        | 35.00       | 3.27        | 4.00        | 21.00       | 200.00      | 2.00        | 2.00        | 1.50        | 1.50        | 200.00     
2025-12-11 00:10:30,450 | INFO | BotTrainer | Bot_21      | 0.33        | -94.64      | 0.37        | 129.00      | 16.67       | 5.00        | 8.00        | 75.00       | 2.00        | 0.50        | 1.50        | 1.00        | 75.00      
2025-12-11 00:10:30,458 | INFO | BotTrainer | Bot_146     | 0.33        | -79.02      | 0.46        | 65.00       | 17.06       | 5.00        | 14.00       | 200.00      | 2.00        | 0.00        | 1.50        | 1.50        | 200.00     
2025-12-11 00:10:30,462 | INFO | BotTrainer | Bot_72      | 0.33        | 15.19       | 0.44        | 66.00       | 14.31       | 5.00        | 8.00        | 200.00      | 2.00        | 0.50        | 2.00        | 1.50        | 200.00     
2025-12-11 00:10:30,466 | INFO | BotTrainer | Bot_155     | 0.33        | 85.25       | 0.37        | 78.00       | 12.12       | 5.00        | 14.00       | 200.00      | 2.00        | 1.00        | 2.00        | 1.00        | 200.00     
2025-12-11 00:10:30,470 | INFO | BotTrainer | Bot_65      | 0.33        | -36.57      | 0.39        | 98.00       | 19.15       | 5.00        | 8.00        | 200.00      | 2.00        | 0.00        | 1.50        | 1.00        | 200.00     
2025-12-11 00:10:30,472 | INFO | BotTrainer | Bot_74      | 0.33        | -79.44      | 0.46        | 69.00       | 20.01       | 5.00        | 8.00        | 200.00      | 2.00        | 1.00        | 1.50        | 1.50        | 200.00     
2025-12-11 00:10:30,474 | INFO | BotTrainer | Bot_100     | 0.33        | -22.72      | 0.43        | 87.00       | 21.37       | 5.00        | 14.00       | 75.00       | 2.00        | 0.00        | 2.00        | 1.50        | 75.00      
2025-12-11 00:10:30,477 | INFO | BotTrainer | Bot_154     | 0.33        | -64.58      | 0.47        | 60.00       | 16.17       | 5.00        | 14.00       | 200.00      | 2.00        | 1.00        | 1.50        | 1.50        | 200.00     
2025-12-11 00:10:30,479 | INFO | BotTrainer | Bot_64      | 0.33        | 19.96       | 0.44        | 68.00       | 16.70       | 5.00        | 8.00        | 150.00      | 2.00        | 2.00        | 2.00        | 1.50        | 150.00     
2025-12-11 00:10:30,481 | INFO | BotTrainer | Bot_180     | 0.33        | -12.48      | 0.43        | 84.00       | 20.90       | 5.00        | 21.00       | 75.00       | 2.00        | 0.00        | 2.00        | 1.50        | 75.00      
2025-12-11 00:10:30,484 | INFO | BotTrainer | Bot_70      | 0.33        | -93.24      | 0.46        | 70.00       | 19.78       | 5.00        | 8.00        | 200.00      | 2.00        | 0.50        | 1.50        | 1.50        | 200.00     
2025-12-11 00:10:30,485 | INFO | BotTrainer | Bot_279     | 0.33        | 236.35      | 0.44        | 68.00       | 8.64        | 4.00        | 50.00       | 150.00      | 2.00        | 0.50        | 2.00        | 1.00        | 150.00     
2025-12-11 00:10:30,487 | INFO | BotTrainer | Bot_290     | 0.33        | 39.58       | 0.53        | 55.00       | 4.78        | 4.00        | 50.00       | 200.00      | 2.00        | 0.00        | 1.50        | 1.50        | 200.00     
2025-12-11 00:10:30,489 | INFO | BotTrainer | Bot_68      | 0.33        | -0.04       | 0.43        | 67.00       | 14.31       | 5.00        | 8.00        | 200.00      | 2.00        | 0.00        | 2.00        | 1.50        | 200.00     
2025-12-11 00:10:30,490 | INFO | BotTrainer | Bot_152     | 0.33        | 21.03       | 0.44        | 61.00       | 15.13       | 5.00        | 14.00       | 200.00      | 2.00        | 0.50        | 2.00        | 1.50        | 200.00     
2025-12-11 00:10:30,491 | INFO | BotTrainer | Bot_66      | 0.33        | -106.85     | 0.45        | 71.00       | 21.01       | 5.00        | 8.00        | 200.00      | 2.00        | 0.00        | 1.50        | 1.50        | 200.00     
2025-12-11 00:10:30,493 | INFO | BotTrainer | Bot_13      | 0.33        | 73.24       | 0.43        | 122.00      | 11.34       | 4.00        | 8.00        | 50.00       | 2.00        | 2.00        | 1.50        | 1.00        | 50.00      
2025-12-11 00:10:30,494 | INFO | BotTrainer | Bot_121     | 0.33        | -70.39      | 0.38        | 109.00      | 21.65       | 5.00        | 14.00       | 100.00      | 2.00        | 1.00        | 1.50        | 1.00        | 100.00     
2025-12-11 00:10:30,495 | INFO | BotTrainer | Bot_222     | 0.33        | 57.07       | 0.55        | 40.00       | 6.30        | 4.00        | 21.00       | 150.00      | 2.00        | 2.00        | 1.50        | 1.50        | 150.00     
2025-12-11 00:10:30,497 | INFO | BotTrainer | Bot_17      | 0.33        | -125.77     | 0.36        | 130.00      | 19.59       | 5.00        | 8.00        | 75.00       | 2.00        | 0.00        | 1.50        | 1.00        | 75.00      
2025-12-11 00:10:30,498 | INFO | BotTrainer | Bot_160     | 0.33        | 33.89       | 0.45        | 44.00       | 12.77       | 5.00        | 14.00       | 200.00      | 2.00        | 2.00        | 2.00        | 1.50        | 200.00     
2025-12-11 00:10:30,500 | INFO | BotTrainer | Bot_153     | 0.33        | -30.45      | 0.39        | 80.00       | 14.93       | 5.00        | 14.00       | 200.00      | 2.00        | 1.00        | 1.50        | 1.00        | 200.00     
2025-12-11 00:10:30,501 | INFO | BotTrainer | Bot_280     | 0.33        | 152.25      | 0.51        | 53.00       | 12.24       | 4.00        | 50.00       | 150.00      | 2.00        | 0.50        | 2.00        | 1.50        | 150.00     
2025-12-11 00:10:30,502 | INFO | BotTrainer | Bot_196     | 0.33        | -54.28      | 0.41        | 73.00       | 16.21       | 5.00        | 21.00       | 100.00      | 2.00        | 0.00        | 2.00        | 1.50        | 100.00     
2025-12-11 00:10:30,504 | INFO | BotTrainer | Bot_80      | 0.33        | 129.66      | 0.50        | 52.00       | 8.31        | 4.00        | 8.00        | 200.00      | 2.00        | 2.00        | 2.00        | 1.50        | 200.00     
2025-12-11 00:10:30,505 | INFO | BotTrainer | Bot_7       | 0.33        | -158.38     | 0.29        | 133.00      | 31.47       | 6.00        | 8.00        | 50.00       | 2.00        | 0.50        | 2.00        | 1.00        | 50.00      
2025-12-11 00:10:30,506 | INFO | BotTrainer | Bot_274     | 0.33        | 37.94       | 0.52        | 69.00       | 14.55       | 4.00        | 50.00       | 150.00      | 2.00        | 0.00        | 1.50        | 1.50        | 150.00     
2025-12-11 00:10:30,507 | INFO | BotTrainer | Bot_195     | 0.33        | -29.49      | 0.33        | 101.00      | 13.95       | 5.00        | 21.00       | 100.00      | 2.00        | 0.00        | 2.00        | 1.00        | 100.00     
2025-12-11 00:10:30,509 | INFO | BotTrainer | Bot_67      | 0.33        | 31.45       | 0.35        | 89.00       | 15.31       | 5.00        | 8.00        | 200.00      | 2.00        | 0.00        | 2.00        | 1.00        | 200.00     
2025-12-11 00:10:30,510 | INFO | BotTrainer | Bot_294     | 0.33        | 155.85      | 0.61        | 46.00       | 5.28        | 3.00        | 50.00       | 200.00      | 2.00        | 0.50        | 1.50        | 1.50        | 200.00     
2025-12-11 00:10:30,512 | INFO | BotTrainer | Bot_172     | 0.33        | 58.94       | 0.45        | 84.00       | 10.89       | 4.00        | 21.00       | 50.00       | 2.00        | 1.00        | 2.00        | 1.50        | 50.00      
2025-12-11 00:10:30,513 | INFO | BotTrainer | Bot_170     | 0.33        | -53.53      | 0.48        | 89.00       | 15.42       | 4.00        | 21.00       | 50.00       | 2.00        | 1.00        | 1.50        | 1.50        | 50.00      
2025-12-11 00:10:30,514 | INFO | BotTrainer | Bot_46      | 0.33        | -120.24     | 0.44        | 72.00       | 24.52       | 5.00        | 8.00        | 100.00      | 2.00        | 2.00        | 1.50        | 1.50        | 100.00     
2025-12-11 00:10:30,515 | INFO | BotTrainer | Bot_171     | 0.33        | 137.78      | 0.38        | 103.00      | 10.75       | 4.00        | 21.00       | 50.00       | 2.00        | 1.00        | 2.00        | 1.00        | 50.00      
2025-12-11 00:10:30,517 | INFO | BotTrainer | Bot_81      | 0.32        | 39.81       | 0.41        | 145.00      | 11.38       | 4.00        | 14.00       | 50.00       | 2.00        | 0.00        | 1.50        | 1.00        | 50.00      
2025-12-11 00:10:30,518 | INFO | BotTrainer | Bot_224     | 0.32        | 98.32       | 0.50        | 40.00       | 4.63        | 4.00        | 21.00       | 150.00      | 2.00        | 2.00        | 2.00        | 1.50        | 150.00     
2025-12-11 00:10:30,519 | INFO | BotTrainer | Bot_158     | 0.32        | -76.95      | 0.44        | 45.00       | 14.37       | 5.00        | 14.00       | 200.00      | 2.00        | 2.00        | 1.50        | 1.50        | 200.00     
2025-12-11 00:10:30,520 | INFO | BotTrainer | Bot_3       | 0.32        | -199.39     | 0.28        | 135.00      | 34.91       | 6.00        | 8.00        | 50.00       | 2.00        | 0.00        | 2.00        | 1.00        | 50.00      
2025-12-11 00:10:30,521 | INFO | BotTrainer | Bot_150     | 0.32        | -132.46     | 0.43        | 63.00       | 20.97       | 5.00        | 14.00       | 200.00      | 2.00        | 0.50        | 1.50        | 1.50        | 200.00     
2025-12-11 00:10:30,523 | INFO | BotTrainer | Bot_42      | 0.32        | -197.41     | 0.42        | 88.00       | 32.31       | 5.00        | 8.00        | 100.00      | 2.00        | 1.00        | 1.50        | 1.50        | 100.00     
2025-12-11 00:10:30,524 | INFO | BotTrainer | Bot_145     | 0.32        | -87.18      | 0.36        | 86.00       | 19.43       | 5.00        | 14.00       | 200.00      | 2.00        | 0.00        | 1.50        | 1.00        | 200.00     
2025-12-11 00:10:30,525 | INFO | BotTrainer | Bot_76      | 0.32        | -24.24      | 0.42        | 64.00       | 20.78       | 5.00        | 8.00        | 200.00      | 2.00        | 1.00        | 2.00        | 1.50        | 200.00     
2025-12-11 00:10:30,526 | INFO | BotTrainer | Bot_161     | 0.32        | -155.83     | 0.35        | 131.00      | 24.76       | 5.00        | 21.00       | 50.00       | 2.00        | 0.00        | 1.50        | 1.00        | 50.00      
2025-12-11 00:10:30,527 | INFO | BotTrainer | Bot_91      | 0.32        | 136.43      | 0.37        | 115.00      | 14.93       | 4.00        | 14.00       | 50.00       | 2.00        | 1.00        | 2.00        | 1.00        | 50.00      
2025-12-11 00:10:30,528 | INFO | BotTrainer | Bot_163     | 0.32        | -41.20      | 0.33        | 123.00      | 20.05       | 5.00        | 21.00       | 50.00       | 2.00        | 0.00        | 2.00        | 1.00        | 50.00      
2025-12-11 00:10:30,529 | INFO | BotTrainer | Bot_245     | 0.32        | 39.44       | 0.42        | 83.00       | 8.86        | 4.00        | 50.00       | 75.00       | 2.00        | 0.50        | 1.50        | 1.00        | 75.00      
2025-12-11 00:10:30,530 | INFO | BotTrainer | Bot_132     | 0.32        | -82.44      | 0.40        | 75.00       | 22.62       | 5.00        | 14.00       | 150.00      | 2.00        | 0.00        | 2.00        | 1.50        | 150.00     
2025-12-11 00:10:30,531 | INFO | BotTrainer | Bot_292     | 0.32        | 74.53       | 0.47        | 53.00       | 6.69        | 4.00        | 50.00       | 200.00      | 2.00        | 0.00        | 2.00        | 1.50        | 200.00     
2025-12-11 00:10:30,532 | INFO | BotTrainer | Bot_199     | 0.32        | -67.18      | 0.31        | 99.00       | 17.60       | 5.00        | 21.00       | 100.00      | 2.00        | 0.50        | 2.00        | 1.00        | 100.00     
2025-12-11 00:10:30,534 | INFO | BotTrainer | Bot_193     | 0.32        | -150.15     | 0.34        | 108.00      | 24.04       | 5.00        | 21.00       | 100.00      | 2.00        | 0.00        | 1.50        | 1.00        | 100.00     
2025-12-11 00:10:30,536 | INFO | BotTrainer | Bot_244     | 0.32        | 50.16       | 0.45        | 73.00       | 11.45       | 4.00        | 50.00       | 75.00       | 2.00        | 0.00        | 2.00        | 1.50        | 75.00      
2025-12-11 00:10:30,537 | INFO | BotTrainer | Bot_287     | 0.32        | 70.97       | 0.55        | 11.00       | 2.17        | 4.00        | 50.00       | 150.00      | 2.00        | 2.00        | 2.00        | 1.00        | 150.00     
2025-12-11 00:10:30,539 | INFO | BotTrainer | Bot_147     | 0.32        | 1.71        | 0.34        | 83.00       | 16.38       | 5.00        | 14.00       | 200.00      | 2.00        | 0.00        | 2.00        | 1.00        | 200.00     
2025-12-11 00:10:30,541 | INFO | BotTrainer | Bot_261     | 0.32        | 3.33        | 0.40        | 89.00       | 8.16        | 4.00        | 50.00       | 100.00      | 2.00        | 0.50        | 1.50        | 1.00        | 100.00     
2025-12-11 00:10:30,543 | INFO | BotTrainer | Bot_165     | 0.32        | -184.86     | 0.34        | 132.00      | 26.39       | 5.00        | 21.00       | 50.00       | 2.00        | 0.50        | 1.50        | 1.00        | 50.00      
2025-12-11 00:10:30,544 | INFO | BotTrainer | Bot_273     | 0.32        | 8.19        | 0.41        | 91.00       | 11.30       | 4.00        | 50.00       | 150.00      | 2.00        | 0.00        | 1.50        | 1.00        | 150.00     
2025-12-11 00:10:30,546 | INFO | BotTrainer | Bot_285     | 0.32        | 39.85       | 0.55        | 11.00       | 2.11        | 4.00        | 50.00       | 150.00      | 2.00        | 2.00        | 1.50        | 1.00        | 150.00     
2025-12-11 00:10:30,548 | INFO | BotTrainer | Bot_200     | 0.32        | -118.07     | 0.38        | 73.00       | 22.78       | 5.00        | 21.00       | 100.00      | 2.00        | 0.50        | 2.00        | 1.50        | 100.00     
2025-12-11 00:10:30,549 | INFO | BotTrainer | Bot_48      | 0.32        | -63.11      | 0.41        | 69.00       | 25.42       | 5.00        | 8.00        | 100.00      | 2.00        | 2.00        | 2.00        | 1.50        | 100.00     
2025-12-11 00:10:30,551 | INFO | BotTrainer | Bot_296     | 0.31        | 188.85      | 0.55        | 44.00       | 5.36        | 3.00        | 50.00       | 200.00      | 2.00        | 0.50        | 2.00        | 1.50        | 200.00     
2025-12-11 00:10:30,552 | INFO | BotTrainer | Bot_288     | 0.31        | 44.20       | 0.55        | 11.00       | 3.20        | 4.00        | 50.00       | 150.00      | 2.00        | 2.00        | 2.00        | 1.50        | 150.00     
2025-12-11 00:10:30,554 | INFO | BotTrainer | Bot_197     | 0.31        | -175.08     | 0.33        | 106.00      | 26.78       | 5.00        | 21.00       | 100.00      | 2.00        | 0.50        | 1.50        | 1.00        | 100.00     
2025-12-11 00:10:30,556 | INFO | BotTrainer | Bot_188     | 0.31        | -81.48      | 0.40        | 68.00       | 24.62       | 5.00        | 21.00       | 75.00       | 2.00        | 1.00        | 2.00        | 1.50        | 75.00      
2025-12-11 00:10:30,557 | INFO | BotTrainer | Bot_223     | 0.31        | 144.58      | 0.44        | 43.00       | 6.93        | 4.00        | 21.00       | 150.00      | 2.00        | 2.00        | 2.00        | 1.00        | 150.00     
2025-12-11 00:10:30,559 | INFO | BotTrainer | Bot_184     | 0.31        | -118.99     | 0.39        | 80.00       | 29.23       | 5.00        | 21.00       | 75.00       | 2.00        | 0.50        | 2.00        | 1.50        | 75.00      
2025-12-11 00:10:30,561 | INFO | BotTrainer | Bot_149     | 0.31        | -118.24     | 0.34        | 82.00       | 21.03       | 5.00        | 14.00       | 200.00      | 2.00        | 0.50        | 1.50        | 1.00        | 200.00     
2025-12-11 00:10:30,563 | INFO | BotTrainer | Bot_94      | 0.31        | -36.74      | 0.48        | 66.00       | 17.95       | 4.00        | 14.00       | 50.00       | 2.00        | 2.00        | 1.50        | 1.50        | 50.00      
2025-12-11 00:10:30,564 | INFO | BotTrainer | Bot_276     | 0.31        | 46.34       | 0.45        | 64.00       | 14.40       | 4.00        | 50.00       | 150.00      | 2.00        | 0.00        | 2.00        | 1.50        | 150.00     
2025-12-11 00:10:30,566 | INFO | BotTrainer | Bot_204     | 0.31        | 36.57       | 0.45        | 60.00       | 11.29       | 4.00        | 21.00       | 100.00      | 2.00        | 1.00        | 2.00        | 1.50        | 100.00     
2025-12-11 00:10:30,568 | INFO | BotTrainer | Bot_302     | 0.31        | 13.86       | 0.55        | 11.00       | 4.75        | 4.00        | 50.00       | 200.00      | 2.00        | 2.00        | 1.50        | 1.50        | 200.00     
2025-12-11 00:10:30,569 | INFO | BotTrainer | Bot_57      | 0.31        | -31.89      | 0.39        | 100.00      | 17.48       | 4.00        | 8.00        | 150.00      | 2.00        | 1.00        | 1.50        | 1.00        | 150.00     
2025-12-11 00:10:30,571 | INFO | BotTrainer | Bot_104     | 0.31        | 7.27        | 0.44        | 85.00       | 19.62       | 4.00        | 14.00       | 75.00       | 2.00        | 0.50        | 2.00        | 1.50        | 75.00      
2025-12-11 00:10:30,572 | INFO | BotTrainer | Bot_229     | 0.31        | -1.14       | 0.40        | 82.00       | 11.22       | 4.00        | 21.00       | 200.00      | 2.00        | 0.50        | 1.50        | 1.00        | 200.00     
2025-12-11 00:10:30,574 | INFO | BotTrainer | Bot_32      | 0.31        | 23.68       | 0.44        | 77.00       | 18.84       | 4.00        | 8.00        | 75.00       | 2.00        | 2.00        | 2.00        | 1.50        | 75.00      
2025-12-11 00:10:30,575 | INFO | BotTrainer | Bot_9       | 0.31        | -54.35      | 0.39        | 147.00      | 18.06       | 4.00        | 8.00        | 50.00       | 2.00        | 1.00        | 1.50        | 1.00        | 50.00      
2025-12-11 00:10:30,576 | INFO | BotTrainer | Bot_159     | 0.31        | 14.84       | 0.35        | 52.00       | 12.35       | 5.00        | 14.00       | 200.00      | 2.00        | 2.00        | 2.00        | 1.00        | 200.00     
2025-12-11 00:10:30,578 | INFO | BotTrainer | Bot_87      | 0.31        | 37.84       | 0.35        | 127.00      | 13.14       | 4.00        | 14.00       | 50.00       | 2.00        | 0.50        | 2.00        | 1.00        | 50.00      
2025-12-11 00:10:30,580 | INFO | BotTrainer | Bot_151     | 0.31        | -46.53      | 0.32        | 79.00       | 18.90       | 5.00        | 14.00       | 200.00      | 2.00        | 0.50        | 2.00        | 1.00        | 200.00     
2025-12-11 00:10:30,581 | INFO | BotTrainer | Bot_25      | 0.31        | -99.01      | 0.37        | 127.00      | 15.30       | 4.00        | 8.00        | 75.00       | 2.00        | 1.00        | 1.50        | 1.00        | 75.00      
2025-12-11 00:10:30,583 | INFO | BotTrainer | Bot_275     | 0.31        | 52.39       | 0.36        | 87.00       | 10.70       | 4.00        | 50.00       | 150.00      | 2.00        | 0.00        | 2.00        | 1.00        | 150.00     
2025-12-11 00:10:30,584 | INFO | BotTrainer | Bot_125     | 0.31        | -90.57      | 0.35        | 69.00       | 21.15       | 5.00        | 14.00       | 100.00      | 2.00        | 2.00        | 1.50        | 1.00        | 100.00     
2025-12-11 00:10:30,586 | INFO | BotTrainer | Bot_168     | 0.31        | -112.55     | 0.40        | 98.00       | 20.78       | 4.00        | 21.00       | 50.00       | 2.00        | 0.50        | 2.00        | 1.50        | 50.00      
2025-12-11 00:10:30,588 | INFO | BotTrainer | Bot_44      | 0.31        | -158.04     | 0.37        | 83.00       | 33.58       | 5.00        | 8.00        | 100.00      | 2.00        | 1.00        | 2.00        | 1.50        | 100.00     
2025-12-11 00:10:30,589 | INFO | BotTrainer | Bot_203     | 0.31        | 53.02       | 0.36        | 81.00       | 9.56        | 4.00        | 21.00       | 100.00      | 2.00        | 1.00        | 2.00        | 1.00        | 100.00     
2025-12-11 00:10:30,591 | INFO | BotTrainer | Bot_15      | 0.31        | 49.88       | 0.35        | 111.00      | 17.72       | 4.00        | 8.00        | 50.00       | 2.00        | 2.00        | 2.00        | 1.00        | 50.00      
2025-12-11 00:10:30,593 | INFO | BotTrainer | Bot_127     | 0.31        | -26.31      | 0.32        | 68.00       | 17.98       | 5.00        | 14.00       | 100.00      | 2.00        | 2.00        | 2.00        | 1.00        | 100.00     
2025-12-11 00:10:30,595 | INFO | BotTrainer | Bot_157     | 0.31        | -80.35      | 0.34        | 53.00       | 13.99       | 5.00        | 14.00       | 200.00      | 2.00        | 2.00        | 1.50        | 1.00        | 200.00     
2025-12-11 00:10:30,597 | INFO | BotTrainer | Bot_33      | 0.30        | -93.96      | 0.37        | 119.00      | 19.40       | 4.00        | 8.00        | 100.00      | 2.00        | 0.00        | 1.50        | 1.00        | 100.00     
2025-12-11 00:10:30,599 | INFO | BotTrainer | Bot_37      | 0.30        | -93.96      | 0.37        | 119.00      | 19.40       | 4.00        | 8.00        | 100.00      | 2.00        | 0.50        | 1.50        | 1.00        | 100.00     
2025-12-11 00:10:30,601 | INFO | BotTrainer | Bot_5       | 0.30        | -77.64      | 0.38        | 147.00      | 21.80       | 4.00        | 8.00        | 50.00       | 2.00        | 0.50        | 1.50        | 1.00        | 50.00      
2025-12-11 00:10:30,602 | INFO | BotTrainer | Bot_209     | 0.30        | -83.44      | 0.37        | 98.00       | 18.45       | 4.00        | 21.00       | 150.00      | 2.00        | 0.00        | 1.50        | 1.00        | 150.00     
2025-12-11 00:10:30,604 | INFO | BotTrainer | Bot_213     | 0.30        | -83.44      | 0.37        | 98.00       | 18.45       | 4.00        | 21.00       | 150.00      | 2.00        | 0.50        | 1.50        | 1.00        | 150.00     
2025-12-11 00:10:30,605 | INFO | BotTrainer | Bot_12      | 0.30        | -117.62     | 0.40        | 103.00      | 25.70       | 4.00        | 8.00        | 50.00       | 2.00        | 1.00        | 2.00        | 1.50        | 50.00      
2025-12-11 00:10:30,607 | INFO | BotTrainer | Bot_201     | 0.30        | -49.74      | 0.38        | 82.00       | 13.68       | 4.00        | 21.00       | 100.00      | 2.00        | 1.00        | 1.50        | 1.00        | 100.00     
2025-12-11 00:10:30,609 | INFO | BotTrainer | Bot_181     | 0.30        | -93.29      | 0.37        | 109.00      | 20.56       | 4.00        | 21.00       | 75.00       | 2.00        | 0.50        | 1.50        | 1.00        | 75.00      
2025-12-11 00:10:30,611 | INFO | BotTrainer | Bot_254     | 0.30        | 44.27       | 0.60        | 15.00       | 3.23        | 3.00        | 50.00       | 75.00       | 2.00        | 2.00        | 1.50        | 1.50        | 75.00      
2025-12-11 00:10:30,613 | INFO | BotTrainer | Bot_26      | 0.30        | -234.54     | 0.42        | 109.00      | 32.50       | 4.00        | 8.00        | 75.00       | 2.00        | 1.00        | 1.50        | 1.50        | 75.00      
2025-12-11 00:10:30,614 | INFO | BotTrainer | Bot_129     | 0.30        | -69.35      | 0.37        | 94.00       | 20.47       | 4.00        | 14.00       | 150.00      | 2.00        | 0.00        | 1.50        | 1.00        | 150.00     
2025-12-11 00:10:30,616 | INFO | BotTrainer | Bot_35      | 0.30        | 8.81        | 0.34        | 112.00      | 18.08       | 4.00        | 8.00        | 100.00      | 2.00        | 0.00        | 2.00        | 1.00        | 100.00     
2025-12-11 00:10:30,618 | INFO | BotTrainer | Bot_39      | 0.30        | 8.81        | 0.34        | 112.00      | 18.08       | 4.00        | 8.00        | 100.00      | 2.00        | 0.50        | 2.00        | 1.00        | 100.00     
2025-12-11 00:10:30,620 | INFO | BotTrainer | Bot_96      | 0.30        | 21.03       | 0.44        | 61.00       | 20.19       | 4.00        | 14.00       | 50.00       | 2.00        | 2.00        | 2.00        | 1.50        | 50.00      
2025-12-11 00:10:30,622 | INFO | BotTrainer | Bot_1       | 0.30        | -113.98     | 0.37        | 151.00      | 25.00       | 4.00        | 8.00        | 50.00       | 2.00        | 0.00        | 1.50        | 1.00        | 50.00      
2025-12-11 00:10:30,623 | INFO | BotTrainer | Bot_237     | 0.30        | 12.35       | 0.42        | 36.00       | 3.12        | 4.00        | 21.00       | 200.00      | 2.00        | 2.00        | 1.50        | 1.00        | 200.00     
2025-12-11 00:10:30,625 | INFO | BotTrainer | Bot_143     | 0.30        | 76.96       | 0.38        | 55.00       | 11.21       | 4.00        | 14.00       | 150.00      | 2.00        | 2.00        | 2.00        | 1.00        | 150.00     
2025-12-11 00:10:30,627 | INFO | BotTrainer | Bot_167     | 0.30        | -41.49      | 0.33        | 126.00      | 16.73       | 4.00        | 21.00       | 50.00       | 2.00        | 0.50        | 2.00        | 1.00        | 50.00      
2025-12-11 00:10:30,629 | INFO | BotTrainer | Bot_135     | 0.30        | 21.44       | 0.34        | 87.00       | 15.74       | 4.00        | 14.00       | 150.00      | 2.00        | 0.50        | 2.00        | 1.00        | 150.00     
2025-12-11 00:10:30,631 | INFO | BotTrainer | Bot_166     | 0.30        | -267.82     | 0.40        | 104.00      | 32.48       | 4.00        | 21.00       | 50.00       | 2.00        | 0.50        | 1.50        | 1.50        | 50.00      
2025-12-11 00:10:30,632 | INFO | BotTrainer | Bot_131     | 0.30        | 10.92       | 0.34        | 91.00       | 16.64       | 4.00        | 14.00       | 150.00      | 2.00        | 0.00        | 2.00        | 1.00        | 150.00     
2025-12-11 00:10:30,633 | INFO | BotTrainer | Bot_183     | 0.30        | -10.08      | 0.33        | 102.00      | 19.04       | 4.00        | 21.00       | 75.00       | 2.00        | 0.50        | 2.00        | 1.00        | 75.00      
2025-12-11 00:10:30,635 | INFO | BotTrainer | Bot_28      | 0.30        | -164.61     | 0.38        | 102.00      | 29.95       | 4.00        | 8.00        | 75.00       | 2.00        | 1.00        | 2.00        | 1.50        | 75.00      
2025-12-11 00:10:30,637 | INFO | BotTrainer | Bot_227     | 0.30        | -18.52      | 0.33        | 88.00       | 13.75       | 4.00        | 21.00       | 200.00      | 2.00        | 0.00        | 2.00        | 1.00        | 200.00     
2025-12-11 00:10:30,638 | INFO | BotTrainer | Bot_225     | 0.30        | -110.00     | 0.35        | 91.00       | 19.84       | 4.00        | 21.00       | 200.00      | 2.00        | 0.00        | 1.50        | 1.00        | 200.00     
2025-12-11 00:10:30,640 | INFO | BotTrainer | Bot_117     | 0.30        | -142.21     | 0.35        | 117.00      | 24.23       | 4.00        | 14.00       | 100.00      | 2.00        | 0.50        | 1.50        | 1.00        | 100.00     
2025-12-11 00:10:30,642 | INFO | BotTrainer | Bot_36      | 0.30        | -92.90      | 0.40        | 85.00       | 26.81       | 4.00        | 8.00        | 100.00      | 2.00        | 0.00        | 2.00        | 1.50        | 100.00     
2025-12-11 00:10:30,643 | INFO | BotTrainer | Bot_219     | 0.30        | 11.82       | 0.34        | 82.00       | 14.88       | 4.00        | 21.00       | 150.00      | 2.00        | 1.00        | 2.00        | 1.00        | 150.00     
2025-12-11 00:10:30,645 | INFO | BotTrainer | Bot_141     | 0.30        | -4.10       | 0.40        | 55.00       | 12.25       | 4.00        | 14.00       | 150.00      | 2.00        | 2.00        | 1.50        | 1.00        | 150.00     
2025-12-11 00:10:30,646 | INFO | BotTrainer | Bot_144     | 0.29        | 3.10        | 0.43        | 46.00       | 15.51       | 4.00        | 14.00       | 150.00      | 2.00        | 2.00        | 2.00        | 1.50        | 150.00     
2025-12-11 00:10:30,646 | INFO | BotTrainer | Bot_233     | 0.29        | -48.67      | 0.37        | 67.00       | 14.33       | 4.00        | 21.00       | 200.00      | 2.00        | 1.00        | 1.50        | 1.00        | 200.00     
2025-12-11 00:10:30,647 | INFO | BotTrainer | Bot_83      | 0.29        | -51.35      | 0.32        | 130.00      | 21.04       | 4.00        | 14.00       | 50.00       | 2.00        | 0.00        | 2.00        | 1.00        | 50.00      
2025-12-11 00:10:30,649 | INFO | BotTrainer | Bot_23      | 0.29        | -78.16      | 0.31        | 118.00      | 19.24       | 4.00        | 8.00        | 75.00       | 2.00        | 0.50        | 2.00        | 1.00        | 75.00      
2025-12-11 00:10:30,650 | INFO | BotTrainer | Bot_185     | 0.29        | -123.15     | 0.34        | 90.00       | 20.47       | 4.00        | 21.00       | 75.00       | 2.00        | 1.00        | 1.50        | 1.00        | 75.00      
2025-12-11 00:10:30,651 | INFO | BotTrainer | Bot_212     | 0.29        | -104.64     | 0.39        | 72.00       | 21.02       | 4.00        | 21.00       | 150.00      | 2.00        | 0.00        | 2.00        | 1.50        | 150.00     
2025-12-11 00:10:30,652 | INFO | BotTrainer | Bot_177     | 0.29        | -150.78     | 0.35        | 118.00      | 26.81       | 4.00        | 21.00       | 75.00       | 2.00        | 0.00        | 1.50        | 1.00        | 75.00      
2025-12-11 00:10:30,653 | INFO | BotTrainer | Bot_40      | 0.29        | -110.69     | 0.39        | 84.00       | 28.28       | 4.00        | 8.00        | 100.00      | 2.00        | 0.50        | 2.00        | 1.50        | 100.00     
2025-12-11 00:10:30,655 | INFO | BotTrainer | Bot_263     | 0.29        | 95.23       | 0.37        | 86.00       | 7.75        | 3.00        | 50.00       | 100.00      | 2.00        | 0.50        | 2.00        | 1.00        | 100.00     
2025-12-11 00:10:30,656 | INFO | BotTrainer | Bot_241     | 0.29        | 1.83        | 0.40        | 109.00      | 14.27       | 3.00        | 50.00       | 75.00       | 2.00        | 0.00        | 1.50        | 1.00        | 75.00      
2025-12-11 00:10:30,658 | INFO | BotTrainer | Bot_142     | 0.29        | -90.79      | 0.43        | 46.00       | 18.54       | 4.00        | 14.00       | 150.00      | 2.00        | 2.00        | 1.50        | 1.50        | 150.00     
2025-12-11 00:10:30,659 | INFO | BotTrainer | Bot_113     | 0.29        | -163.33     | 0.34        | 117.00      | 27.18       | 4.00        | 14.00       | 100.00      | 2.00        | 0.00        | 1.50        | 1.00        | 100.00     
2025-12-11 00:10:30,660 | INFO | BotTrainer | Bot_231     | 0.29        | 95.88       | 0.38        | 80.00       | 6.08        | 3.00        | 21.00       | 200.00      | 2.00        | 0.50        | 2.00        | 1.00        | 200.00     
2025-12-11 00:10:30,661 | INFO | BotTrainer | Bot_107     | 0.29        | -86.29      | 0.31        | 107.00      | 20.70       | 4.00        | 14.00       | 75.00       | 2.00        | 1.00        | 2.00        | 1.00        | 75.00      
2025-12-11 00:10:30,662 | INFO | BotTrainer | Bot_215     | 0.29        | -66.34      | 0.31        | 90.00       | 16.64       | 4.00        | 21.00       | 150.00      | 2.00        | 0.50        | 2.00        | 1.00        | 150.00     
2025-12-11 00:10:30,664 | INFO | BotTrainer | Bot_211     | 0.29        | -66.34      | 0.31        | 90.00       | 16.64       | 4.00        | 21.00       | 150.00      | 2.00        | 0.00        | 2.00        | 1.00        | 150.00     
2025-12-11 00:10:30,666 | INFO | BotTrainer | Bot_123     | 0.29        | -29.78      | 0.33        | 104.00      | 25.03       | 4.00        | 14.00       | 100.00      | 2.00        | 1.00        | 2.00        | 1.00        | 100.00     
2025-12-11 00:10:30,668 | INFO | BotTrainer | Bot_133     | 0.29        | -118.57     | 0.34        | 87.00       | 22.43       | 4.00        | 14.00       | 150.00      | 2.00        | 0.50        | 1.50        | 1.00        | 150.00     
2025-12-11 00:10:30,671 | INFO | BotTrainer | Bot_256     | 0.29        | 54.03       | 0.53        | 15.00       | 3.35        | 3.00        | 50.00       | 75.00       | 2.00        | 2.00        | 2.00        | 1.50        | 75.00      
2025-12-11 00:10:30,673 | INFO | BotTrainer | Bot_304     | 0.29        | 8.37        | 0.45        | 11.00       | 7.41        | 4.00        | 50.00       | 200.00      | 2.00        | 2.00        | 2.00        | 1.50        | 200.00     
2025-12-11 00:10:30,675 | INFO | BotTrainer | Bot_220     | 0.29        | -107.89     | 0.38        | 63.00       | 18.15       | 4.00        | 21.00       | 150.00      | 2.00        | 1.00        | 2.00        | 1.50        | 150.00     
2025-12-11 00:10:30,677 | INFO | BotTrainer | Bot_16      | 0.29        | -142.10     | 0.38        | 91.00       | 33.24       | 4.00        | 8.00        | 50.00       | 2.00        | 2.00        | 2.00        | 1.50        | 50.00      
2025-12-11 00:10:30,679 | INFO | BotTrainer | Bot_216     | 0.29        | -122.19     | 0.38        | 71.00       | 22.62       | 4.00        | 21.00       | 150.00      | 2.00        | 0.50        | 2.00        | 1.50        | 150.00     
2025-12-11 00:10:30,681 | INFO | BotTrainer | Bot_179     | 0.29        | -68.29      | 0.32        | 111.00      | 24.75       | 4.00        | 21.00       | 75.00       | 2.00        | 0.00        | 2.00        | 1.00        | 75.00      
2025-12-11 00:10:30,683 | INFO | BotTrainer | Bot_19      | 0.29        | -114.22     | 0.30        | 119.00      | 22.48       | 4.00        | 8.00        | 75.00       | 2.00        | 0.00        | 2.00        | 1.00        | 75.00      
2025-12-11 00:10:30,684 | INFO | BotTrainer | Bot_268     | 0.29        | 71.75       | 0.49        | 37.00       | 8.21        | 3.00        | 50.00       | 100.00      | 2.00        | 1.00        | 2.00        | 1.50        | 100.00     
2025-12-11 00:10:30,686 | INFO | BotTrainer | Bot_60      | 0.29        | -144.33     | 0.37        | 75.00       | 24.78       | 4.00        | 8.00        | 150.00      | 2.00        | 1.00        | 2.00        | 1.50        | 150.00     
2025-12-11 00:10:30,688 | INFO | BotTrainer | Bot_119     | 0.29        | -86.83      | 0.31        | 113.00      | 24.70       | 4.00        | 14.00       | 100.00      | 2.00        | 0.50        | 2.00        | 1.00        | 100.00     
2025-12-11 00:10:30,690 | INFO | BotTrainer | Bot_49      | 0.29        | -31.89      | 0.39        | 100.00      | 16.50       | 3.00        | 8.00        | 150.00      | 2.00        | 0.00        | 1.50        | 1.00        | 150.00     
2025-12-11 00:10:30,692 | INFO | BotTrainer | Bot_53      | 0.29        | -31.89      | 0.39        | 100.00      | 16.50       | 3.00        | 8.00        | 150.00      | 2.00        | 0.50        | 1.50        | 1.00        | 150.00     
2025-12-11 00:10:30,693 | INFO | BotTrainer | Bot_52      | 0.29        | -157.16     | 0.37        | 76.00       | 25.94       | 4.00        | 8.00        | 150.00      | 2.00        | 0.00        | 2.00        | 1.50        | 150.00     
2025-12-11 00:10:30,695 | INFO | BotTrainer | Bot_56      | 0.29        | -157.16     | 0.37        | 76.00       | 25.94       | 4.00        | 8.00        | 150.00      | 2.00        | 0.50        | 2.00        | 1.50        | 150.00     
2025-12-11 00:10:30,697 | INFO | BotTrainer | Bot_187     | 0.29        | -56.35      | 0.31        | 83.00       | 18.92       | 4.00        | 21.00       | 75.00       | 2.00        | 1.00        | 2.00        | 1.00        | 75.00      
2025-12-11 00:10:30,699 | INFO | BotTrainer | Bot_250     | 0.28        | -19.20      | 0.49        | 39.00       | 7.70        | 3.00        | 50.00       | 75.00       | 2.00        | 1.00        | 1.50        | 1.50        | 75.00      
2025-12-11 00:10:30,701 | INFO | BotTrainer | Bot_105     | 0.28        | -199.88     | 0.32        | 114.00      | 30.89       | 4.00        | 14.00       | 75.00       | 2.00        | 1.00        | 1.50        | 1.00        | 75.00      
2025-12-11 00:10:30,703 | INFO | BotTrainer | Bot_41      | 0.28        | -70.39      | 0.38        | 109.00      | 16.84       | 3.00        | 8.00        | 100.00      | 2.00        | 1.00        | 1.50        | 1.00        | 100.00     
2025-12-11 00:10:30,705 | INFO | BotTrainer | Bot_266     | 0.28        | -18.98      | 0.49        | 37.00       | 7.61        | 3.00        | 50.00       | 100.00      | 2.00        | 1.00        | 1.50        | 1.50        | 100.00     
2025-12-11 00:10:30,706 | INFO | BotTrainer | Bot_111     | 0.28        | 107.94      | 0.39        | 70.00       | 12.37       | 3.00        | 14.00       | 75.00       | 2.00        | 2.00        | 2.00        | 1.00        | 75.00      
2025-12-11 00:10:30,708 | INFO | BotTrainer | Bot_11      | 0.28        | -132.88     | 0.30        | 133.00      | 27.86       | 4.00        | 8.00        | 50.00       | 2.00        | 1.00        | 2.00        | 1.00        | 50.00      
2025-12-11 00:10:30,710 | INFO | BotTrainer | Bot_243     | 0.28        | 30.22       | 0.35        | 101.00      | 15.28       | 3.00        | 50.00       | 75.00       | 2.00        | 0.00        | 2.00        | 1.00        | 75.00      
2025-12-11 00:10:30,712 | INFO | BotTrainer | Bot_289     | 0.28        | -30.08      | 0.39        | 75.00       | 8.66        | 3.00        | 50.00       | 200.00      | 2.00        | 0.00        | 1.50        | 1.00        | 200.00     
2025-12-11 00:10:30,713 | INFO | BotTrainer | Bot_45      | 0.28        | -45.49      | 0.38        | 89.00       | 14.95       | 3.00        | 8.00        | 100.00      | 2.00        | 2.00        | 1.50        | 1.00        | 100.00     
2025-12-11 00:10:30,714 | INFO | BotTrainer | Bot_27      | 0.28        | -21.44      | 0.33        | 118.00      | 12.48       | 3.00        | 8.00        | 75.00       | 2.00        | 1.00        | 2.00        | 1.00        | 75.00      
2025-12-11 00:10:30,716 | INFO | BotTrainer | Bot_115     | 0.28        | -148.11     | 0.29        | 111.00      | 29.18       | 4.00        | 14.00       | 100.00      | 2.00        | 0.00        | 2.00        | 1.00        | 100.00     
2025-12-11 00:10:30,718 | INFO | BotTrainer | Bot_43      | 0.28        | 9.72        | 0.34        | 103.00      | 15.49       | 3.00        | 8.00        | 100.00      | 2.00        | 1.00        | 2.00        | 1.00        | 100.00     
2025-12-11 00:10:30,720 | INFO | BotTrainer | Bot_265     | 0.28        | 27.15       | 0.43        | 42.00       | 6.86        | 3.00        | 50.00       | 100.00      | 2.00        | 1.00        | 1.50        | 1.00        | 100.00     
2025-12-11 00:10:30,721 | INFO | BotTrainer | Bot_293     | 0.28        | 0.73        | 0.40        | 57.00       | 7.82        | 3.00        | 50.00       | 200.00      | 2.00        | 0.50        | 1.50        | 1.00        | 200.00     
2025-12-11 00:10:30,724 | INFO | BotTrainer | Bot_257     | 0.28        | -124.46     | 0.35        | 110.00      | 20.17       | 3.00        | 50.00       | 100.00      | 2.00        | 0.00        | 1.50        | 1.00        | 100.00     
2025-12-11 00:10:30,726 | INFO | BotTrainer | Bot_47      | 0.28        | 31.75       | 0.35        | 86.00       | 14.67       | 3.00        | 8.00        | 100.00      | 2.00        | 2.00        | 2.00        | 1.00        | 100.00     
2025-12-11 00:10:30,728 | INFO | BotTrainer | Bot_248     | 0.28        | -28.80      | 0.42        | 62.00       | 14.83       | 3.00        | 50.00       | 75.00       | 2.00        | 0.50        | 2.00        | 1.50        | 75.00      
2025-12-11 00:10:30,730 | INFO | BotTrainer | Bot_267     | 0.27        | 89.14       | 0.40        | 42.00       | 8.92        | 3.00        | 50.00       | 100.00      | 2.00        | 1.00        | 2.00        | 1.00        | 100.00     
2025-12-11 00:10:30,731 | INFO | BotTrainer | Bot_249     | 0.27        | 16.88       | 0.42        | 43.00       | 7.84        | 3.00        | 50.00       | 75.00       | 2.00        | 1.00        | 1.50        | 1.00        | 75.00      
2025-12-11 00:10:30,733 | INFO | BotTrainer | Bot_259     | 0.27        | -58.32      | 0.32        | 104.00      | 15.22       | 3.00        | 50.00       | 100.00      | 2.00        | 0.00        | 2.00        | 1.00        | 100.00     
2025-12-11 00:10:30,735 | INFO | BotTrainer | Bot_190     | 0.27        | -62.26      | 0.45        | 38.00       | 10.48       | 3.00        | 21.00       | 75.00       | 2.00        | 2.00        | 1.50        | 1.50        | 75.00      
2025-12-11 00:10:30,737 | INFO | BotTrainer | Bot_291     | 0.27        | 22.96       | 0.35        | 72.00       | 9.60        | 3.00        | 50.00       | 200.00      | 2.00        | 0.00        | 2.00        | 1.00        | 200.00     
2025-12-11 00:10:30,738 | INFO | BotTrainer | Bot_297     | 0.27        | 12.73       | 0.42        | 31.00       | 3.11        | 3.00        | 50.00       | 200.00      | 2.00        | 1.00        | 1.50        | 1.00        | 200.00     
2025-12-11 00:10:30,739 | INFO | BotTrainer | Bot_239     | 0.27        | 57.73       | 0.39        | 36.00       | 4.26        | 3.00        | 21.00       | 200.00      | 2.00        | 2.00        | 2.00        | 1.00        | 200.00     
2025-12-11 00:10:30,741 | INFO | BotTrainer | Bot_264     | 0.27        | -67.49      | 0.40        | 67.00       | 19.09       | 3.00        | 50.00       | 100.00      | 2.00        | 0.50        | 2.00        | 1.50        | 100.00     
2025-12-11 00:10:30,743 | INFO | BotTrainer | Bot_206     | 0.27        | -76.53      | 0.44        | 41.00       | 13.32       | 3.00        | 21.00       | 100.00      | 2.00        | 2.00        | 1.50        | 1.50        | 100.00     
2025-12-11 00:10:30,744 | INFO | BotTrainer | Bot_173     | 0.27        | 1.85        | 0.40        | 42.00       | 9.23        | 3.00        | 21.00       | 50.00       | 2.00        | 2.00        | 1.50        | 1.00        | 50.00      
2025-12-11 00:10:30,746 | INFO | BotTrainer | Bot_260     | 0.27        | -113.92     | 0.39        | 75.00       | 23.07       | 3.00        | 50.00       | 100.00      | 2.00        | 0.00        | 2.00        | 1.50        | 100.00     
2025-12-11 00:10:30,748 | INFO | BotTrainer | Bot_192     | 0.27        | -15.54      | 0.42        | 38.00       | 11.77       | 3.00        | 21.00       | 75.00       | 2.00        | 2.00        | 2.00        | 1.50        | 75.00      
2025-12-11 00:10:30,749 | INFO | BotTrainer | Bot_235     | 0.27        | 13.33       | 0.34        | 67.00       | 11.83       | 3.00        | 21.00       | 200.00      | 2.00        | 1.00        | 2.00        | 1.00        | 200.00     
2025-12-11 00:10:30,751 | INFO | BotTrainer | Bot_299     | 0.27        | 47.78       | 0.39        | 31.00       | 5.28        | 3.00        | 50.00       | 200.00      | 2.00        | 1.00        | 2.00        | 1.00        | 200.00     
2025-12-11 00:10:30,752 | INFO | BotTrainer | Bot_253     | 0.27        | 49.96       | 0.53        | 15.00       | 2.07        | 2.00        | 50.00       | 75.00       | 2.00        | 2.00        | 1.50        | 1.00        | 75.00      
2025-12-11 00:10:30,754 | INFO | BotTrainer | Bot_269     | 0.27        | 39.85       | 0.55        | 11.00       | 2.07        | 2.00        | 50.00       | 100.00      | 2.00        | 2.00        | 1.50        | 1.00        | 100.00     
2025-12-11 00:10:30,756 | INFO | BotTrainer | Bot_59      | 0.27        | -57.19      | 0.32        | 92.00       | 19.02       | 3.00        | 8.00        | 150.00      | 2.00        | 1.00        | 2.00        | 1.00        | 150.00     
2025-12-11 00:10:30,758 | INFO | BotTrainer | Bot_270     | 0.26        | 13.86       | 0.55        | 11.00       | 3.09        | 2.00        | 50.00       | 100.00      | 2.00        | 2.00        | 1.50        | 1.50        | 100.00     
2025-12-11 00:10:30,760 | INFO | BotTrainer | Bot_247     | 0.26        | 85.25       | 0.37        | 78.00       | 8.04        | 2.00        | 50.00       | 75.00       | 2.00        | 0.50        | 2.00        | 1.00        | 75.00      
2025-12-11 00:10:30,761 | INFO | BotTrainer | Bot_55      | 0.26        | -75.68      | 0.31        | 91.00       | 20.65       | 3.00        | 8.00        | 150.00      | 2.00        | 0.50        | 2.00        | 1.00        | 150.00     
2025-12-11 00:10:30,763 | INFO | BotTrainer | Bot_51      | 0.26        | -75.68      | 0.31        | 91.00       | 20.65       | 3.00        | 8.00        | 150.00      | 2.00        | 0.00        | 2.00        | 1.00        | 150.00     
2025-12-11 00:10:30,765 | INFO | BotTrainer | Bot_189     | 0.26        | -46.89      | 0.36        | 42.00       | 9.34        | 3.00        | 21.00       | 75.00       | 2.00        | 2.00        | 1.50        | 1.00        | 75.00      
2025-12-11 00:10:30,766 | INFO | BotTrainer | Bot_191     | 0.26        | 5.90        | 0.34        | 41.00       | 8.04        | 3.00        | 21.00       | 75.00       | 2.00        | 2.00        | 2.00        | 1.00        | 75.00      
2025-12-11 00:10:30,768 | INFO | BotTrainer | Bot_97      | 0.25        | -272.88     | 0.30        | 126.00      | 31.35       | 3.00        | 14.00       | 75.00       | 2.00        | 0.00        | 1.50        | 1.00        | 75.00      
2025-12-11 00:10:30,770 | INFO | BotTrainer | Bot_252     | 0.25        | 19.44       | 0.45        | 38.00       | 7.52        | 2.00        | 50.00       | 75.00       | 2.00        | 1.00        | 2.00        | 1.50        | 75.00      
2025-12-11 00:10:30,772 | INFO | BotTrainer | Bot_101     | 0.25        | -283.62     | 0.30        | 125.00      | 32.39       | 3.00        | 14.00       | 75.00       | 2.00        | 0.50        | 1.50        | 1.00        | 75.00      
2025-12-11 00:10:30,773 | INFO | BotTrainer | Bot_174     | 0.25        | -130.12     | 0.38        | 39.00       | 20.09       | 3.00        | 21.00       | 50.00       | 2.00        | 2.00        | 1.50        | 1.50        | 50.00      
2025-12-11 00:10:30,775 | INFO | BotTrainer | Bot_295     | 0.25        | 55.53       | 0.37        | 57.00       | 6.60        | 2.00        | 50.00       | 200.00      | 2.00        | 0.50        | 2.00        | 1.00        | 200.00     
2025-12-11 00:10:30,777 | INFO | BotTrainer | Bot_208     | 0.25        | -109.27     | 0.35        | 40.00       | 17.44       | 3.00        | 21.00       | 100.00      | 2.00        | 2.00        | 2.00        | 1.50        | 100.00     
2025-12-11 00:10:30,778 | INFO | BotTrainer | Bot_176     | 0.25        | -113.44     | 0.34        | 38.00       | 17.19       | 3.00        | 21.00       | 50.00       | 2.00        | 2.00        | 2.00        | 1.50        | 50.00      
2025-12-11 00:10:30,779 | INFO | BotTrainer | Bot_272     | 0.24        | 8.37        | 0.45        | 11.00       | 4.18        | 2.00        | 50.00       | 100.00      | 2.00        | 2.00        | 2.00        | 1.50        | 100.00     
2025-12-11 00:10:30,781 | INFO | BotTrainer | Bot_251     | 0.24        | 46.53       | 0.37        | 43.00       | 7.96        | 2.00        | 50.00       | 75.00       | 2.00        | 1.00        | 2.00        | 1.00        | 75.00      
2025-12-11 00:10:30,782 | INFO | BotTrainer | Bot_175     | 0.24        | 36.38       | 0.37        | 41.00       | 7.02        | 2.00        | 21.00       | 50.00       | 2.00        | 2.00        | 2.00        | 1.00        | 50.00      
2025-12-11 00:10:30,784 | INFO | BotTrainer | Bot_205     | 0.23        | -56.43      | 0.35        | 43.00       | 10.40       | 2.00        | 21.00       | 100.00      | 2.00        | 2.00        | 1.50        | 1.00        | 100.00     
2025-12-11 00:10:30,785 | INFO | BotTrainer | Bot_207     | 0.23        | -14.12      | 0.33        | 43.00       | 8.18        | 2.00        | 21.00       | 100.00      | 2.00        | 2.00        | 2.00        | 1.00        | 100.00     
2025-12-11 00:10:30,787 | INFO | BotTrainer | Bot_103     | 0.23        | -213.92     | 0.27        | 119.00      | 27.77       | 2.00        | 14.00       | 75.00       | 2.00        | 0.50        | 2.00        | 1.00        | 75.00      
2025-12-11 00:10:30,789 | INFO | BotTrainer | Bot_301     | 0.23        | -10.74      | 0.36        | 11.00       | 3.07        | 2.00        | 50.00       | 200.00      | 2.00        | 2.00        | 1.50        | 1.00        | 200.00     
2025-12-11 00:10:30,791 | INFO | BotTrainer | Bot_271     | 0.22        | 8.90        | 0.36        | 11.00       | 5.20        | 2.00        | 50.00       | 100.00      | 2.00        | 2.00        | 2.00        | 1.00        | 100.00     
2025-12-11 00:10:30,792 | INFO | BotTrainer | Bot_99      | 0.22        | -244.67     | 0.26        | 120.00      | 30.08       | 2.00        | 14.00       | 75.00       | 2.00        | 0.00        | 2.00        | 1.00        | 75.00      
2025-12-11 00:10:30,794 | INFO | BotTrainer | Bot_255     | 0.21        | 28.77       | 0.40        | 15.00       | 3.09        | 1.00        | 50.00       | 75.00       | 2.00        | 2.00        | 2.00        | 1.00        | 75.00      
2025-12-11 00:10:30,796 | INFO | BotTrainer | Bot_303     | 0.20        | -20.78      | 0.27        | 11.00       | 5.08        | 2.00        | 50.00       | 200.00      | 2.00        | 2.00        | 2.00        | 1.00        | 200.00     
