2025-12-17 23:03:16,591 | INFO | BotTrainer | name        | s_normalize | s_total_pro | s_win_rate  | s_num_trade | s_max_drawd | s_max_winni | p_filter    | p_rsi_fast_ | p_rsi_slow_ | p_atr_perio | p_tp_pct    | p_sl_pct    | p_warmup_co | p_atr_filte
2025-12-17 23:03:16,591 | INFO | BotTrainer | ---------------------------------------------------------------------------------------------------------------------------------------------------------------------------------------------------------------
2025-12-17 23:03:16,592 | INFO | BotTrainer | Bot_117     | 0.61        | 304.11      | 0.72        | 40.00       | 4.00        | 13.00       | 0.00        | 14.00       | 21.00       | 75.00       | 1.50        | 1.50        | 225.00      | 1.00       
2025-12-17 23:03:16,592 | INFO | BotTrainer | Bot_109     | 0.53        | 208.65      | 0.63        | 49.00       | 10.04       | 11.00       | 0.00        | 14.00       | 21.00       | 50.00       | 1.50        | 1.50        | 150.00      | 1.00       
2025-12-17 23:03:16,592 | INFO | BotTrainer | Bot_189     | 0.51        | 192.39      | 0.67        | 36.00       | 7.43        | 10.00       | 0.00        | 14.00       | 100.00      | 75.00       | 1.50        | 1.50        | 225.00      | 1.00       
2025-12-17 23:03:16,593 | INFO | BotTrainer | Bot_213     | 0.51        | 175.04      | 0.67        | 33.00       | 5.45        | 10.00       | 0.00        | 21.00       | 50.00       | 75.00       | 1.50        | 1.50        | 225.00      | 1.00       
2025-12-17 23:03:16,593 | INFO | BotTrainer | Bot_234     | 0.51        | 49.43       | 0.57        | 35.00       | 4.30        | 11.00       | 0.00        | 21.00       | 75.00       | 75.00       | 1.00        | 1.00        | 225.00      | 1.00       
2025-12-17 23:03:16,593 | INFO | BotTrainer | Bot_141     | 0.50        | 247.14      | 0.70        | 37.00       | 7.03        | 9.00        | 0.00        | 14.00       | 50.00       | 75.00       | 1.50        | 1.50        | 225.00      | 1.00       
2025-12-17 23:03:16,593 | INFO | BotTrainer | Bot_88      | 0.49        | 241.40      | 0.55        | 55.00       | 10.59       | 10.00       | 0.00        | 5.00        | 100.00      | 50.00       | 2.00        | 1.50        | 150.00      | 1.00       
2025-12-17 23:03:16,593 | INFO | BotTrainer | Bot_112     | 0.48        | 300.34      | 0.60        | 45.00       | 8.76        | 9.00        | 0.00        | 14.00       | 21.00       | 50.00       | 2.00        | 1.50        | 150.00      | 1.00       
2025-12-17 23:03:16,594 | INFO | BotTrainer | Bot_216     | 0.48        | 264.27      | 0.64        | 33.00       | 7.88        | 9.00        | 0.00        | 21.00       | 50.00       | 75.00       | 2.00        | 1.50        | 225.00      | 1.00       
2025-12-17 23:03:16,594 | INFO | BotTrainer | Bot_85      | 0.48        | 300.01      | 0.63        | 68.00       | 5.80        | 8.00        | 0.00        | 5.00        | 100.00      | 50.00       | 1.50        | 1.50        | 150.00      | 1.00       
2025-12-17 23:03:16,594 | INFO | BotTrainer | Bot_120     | 0.47        | 321.52      | 0.65        | 37.00       | 4.06        | 8.00        | 0.00        | 14.00       | 21.00       | 75.00       | 2.00        | 1.50        | 225.00      | 1.00       
2025-12-17 23:03:16,594 | INFO | BotTrainer | Bot_58      | 0.47        | 156.33      | 0.58        | 95.00       | 7.91        | 8.00        | 0.00        | 5.00        | 75.00       | 50.00       | 1.00        | 1.00        | 150.00      | 1.00       
2025-12-17 23:03:16,595 | INFO | BotTrainer | Bot_165     | 0.45        | 266.13      | 0.72        | 36.00       | 3.89        | 7.00        | 0.00        | 14.00       | 75.00       | 75.00       | 1.50        | 1.50        | 225.00      | 1.00       
2025-12-17 23:03:16,595 | INFO | BotTrainer | Bot_2       | 0.45        | 203.77      | 0.60        | 91.00       | 3.90        | 7.00        | 0.00        | 5.00        | 21.00       | 25.00       | 1.00        | 1.00        | 75.00       | 1.00       
2025-12-17 23:03:16,595 | INFO | BotTrainer | Bot_26      | 0.45        | 214.35      | 0.59        | 116.00      | 5.81        | 7.00        | 0.00        | 5.00        | 50.00       | 25.00       | 1.00        | 1.00        | 75.00       | 1.00       
2025-12-17 23:03:16,595 | INFO | BotTrainer | Bot_237     | 0.45        | 141.08      | 0.67        | 27.00       | 7.11        | 8.00        | 0.00        | 21.00       | 75.00       | 75.00       | 1.50        | 1.50        | 225.00      | 1.00       
2025-12-17 23:03:16,596 | INFO | BotTrainer | Bot_34      | 0.45        | 179.69      | 0.59        | 95.00       | 6.90        | 7.00        | 0.00        | 5.00        | 50.00       | 50.00       | 1.00        | 1.00        | 150.00      | 1.00       
2025-12-17 23:03:16,596 | INFO | BotTrainer | Bot_29      | 0.44        | 203.22      | 0.57        | 89.00       | 6.31        | 7.00        | 0.00        | 5.00        | 50.00       | 25.00       | 1.50        | 1.50        | 75.00       | 1.00       
2025-12-17 23:03:16,596 | INFO | BotTrainer | Bot_82      | 0.44        | 144.66      | 0.57        | 98.00       | 8.99        | 7.00        | 0.00        | 5.00        | 100.00      | 50.00       | 1.00        | 1.00        | 150.00      | 1.00       
2025-12-17 23:03:16,596 | INFO | BotTrainer | Bot_61      | 0.43        | 319.80      | 0.64        | 67.00       | 5.89        | 6.00        | 0.00        | 5.00        | 75.00       | 50.00       | 1.50        | 1.50        | 150.00      | 1.00       
2025-12-17 23:03:16,596 | INFO | BotTrainer | Bot_178     | 0.43        | 113.55      | 0.61        | 49.00       | 3.32        | 7.00        | 0.00        | 14.00       | 100.00      | 50.00       | 1.00        | 1.00        | 150.00      | 1.00       
2025-12-17 23:03:16,597 | INFO | BotTrainer | Bot_154     | 0.43        | 113.44      | 0.61        | 51.00       | 4.07        | 7.00        | 0.00        | 14.00       | 75.00       | 50.00       | 1.00        | 1.00        | 150.00      | 1.00       
2025-12-17 23:03:16,597 | INFO | BotTrainer | Bot_208     | 0.43        | 232.39      | 0.59        | 37.00       | 4.37        | 7.00        | 0.00        | 21.00       | 50.00       | 50.00       | 2.00        | 1.50        | 150.00      | 1.00       
2025-12-17 23:03:16,597 | INFO | BotTrainer | Bot_96      | 0.42        | 242.70      | 0.56        | 48.00       | 7.20        | 7.00        | 0.00        | 5.00        | 100.00      | 75.00       | 2.00        | 1.50        | 225.00      | 1.00       
2025-12-17 23:03:16,597 | INFO | BotTrainer | Bot_106     | 0.42        | 193.52      | 0.65        | 62.00       | 3.25        | 6.00        | 0.00        | 14.00       | 21.00       | 50.00       | 1.00        | 1.00        | 150.00      | 1.00       
2025-12-17 23:03:16,598 | INFO | BotTrainer | Bot_202     | 0.42        | 80.91       | 0.59        | 44.00       | 3.94        | 7.00        | 0.00        | 21.00       | 50.00       | 50.00       | 1.00        | 1.00        | 150.00      | 1.00       
2025-12-17 23:03:16,598 | INFO | BotTrainer | Bot_184     | 0.42        | 321.52      | 0.65        | 37.00       | 5.67        | 6.00        | 0.00        | 14.00       | 100.00      | 50.00       | 2.00        | 1.50        | 150.00      | 1.00       
2025-12-17 23:03:16,598 | INFO | BotTrainer | Bot_240     | 0.42        | 180.23      | 0.62        | 26.00       | 9.26        | 7.00        | 0.00        | 21.00       | 75.00       | 75.00       | 2.00        | 1.50        | 225.00      | 1.00       
2025-12-17 23:03:16,598 | INFO | BotTrainer | Bot_114     | 0.41        | 158.77      | 0.64        | 53.00       | 4.11        | 6.00        | 0.00        | 14.00       | 21.00       | 75.00       | 1.00        | 1.00        | 225.00      | 1.00       
2025-12-17 23:03:16,599 | INFO | BotTrainer | Bot_160     | 0.41        | 301.70      | 0.63        | 38.00       | 5.50        | 6.00        | 0.00        | 14.00       | 75.00       | 50.00       | 2.00        | 1.50        | 150.00      | 1.00       
2025-12-17 23:03:16,599 | INFO | BotTrainer | Bot_205     | 0.41        | 89.51       | 0.58        | 38.00       | 4.84        | 7.00        | 0.00        | 21.00       | 50.00       | 50.00       | 1.50        | 1.50        | 150.00      | 1.00       
2025-12-17 23:03:16,599 | INFO | BotTrainer | Bot_101     | 0.41        | 86.82       | 0.55        | 60.00       | 10.92       | 7.00        | 0.00        | 14.00       | 21.00       | 25.00       | 1.50        | 1.50        | 75.00       | 1.00       
2025-12-17 23:03:16,599 | INFO | BotTrainer | Bot_168     | 0.41        | 270.21      | 0.63        | 35.00       | 3.90        | 6.00        | 0.00        | 14.00       | 75.00       | 75.00       | 2.00        | 1.50        | 225.00      | 1.00       
2025-12-17 23:03:16,600 | INFO | BotTrainer | Bot_261     | 0.41        | 90.74       | 0.61        | 28.00       | 7.98        | 7.00        | 0.00        | 21.00       | 100.00      | 75.00       | 1.50        | 1.50        | 225.00      | 1.00       
2025-12-17 23:03:16,600 | INFO | BotTrainer | Bot_144     | 0.41        | 161.31      | 0.56        | 34.00       | 7.85        | 7.00        | 0.00        | 14.00       | 50.00       | 75.00       | 2.00        | 1.50        | 225.00      | 1.00       
2025-12-17 23:03:16,600 | INFO | BotTrainer | Bot_37      | 0.41        | 170.29      | 0.58        | 69.00       | 6.94        | 6.00        | 0.00        | 5.00        | 50.00       | 50.00       | 1.50        | 1.50        | 150.00      | 1.00       
2025-12-17 23:03:16,600 | INFO | BotTrainer | Bot_16      | 0.41        | 158.88      | 0.52        | 48.00       | 9.34        | 7.00        | 0.00        | 5.00        | 21.00       | 50.00       | 2.00        | 1.50        | 150.00      | 1.00       
2025-12-17 23:03:16,601 | INFO | BotTrainer | Bot_104     | 0.41        | 163.11      | 0.51        | 57.00       | 12.20       | 7.00        | 0.00        | 14.00       | 21.00       | 25.00       | 2.00        | 1.50        | 75.00       | 1.00       
2025-12-17 23:03:16,601 | INFO | BotTrainer | Bot_186     | 0.41        | 38.32       | 0.54        | 48.00       | 5.09        | 7.00        | 0.00        | 14.00       | 100.00      | 75.00       | 1.00        | 1.00        | 225.00      | 1.00       
2025-12-17 23:03:16,601 | INFO | BotTrainer | Bot_181     | 0.40        | 174.24      | 0.64        | 39.00       | 7.03        | 6.00        | 0.00        | 14.00       | 100.00      | 50.00       | 1.50        | 1.50        | 150.00      | 1.00       
2025-12-17 23:03:16,601 | INFO | BotTrainer | Bot_60      | 0.40        | 237.70      | 0.51        | 83.00       | 7.87        | 6.00        | 0.00        | 5.00        | 75.00       | 50.00       | 1.50        | 1.00        | 150.00      | 1.00       
2025-12-17 23:03:16,602 | INFO | BotTrainer | Bot_157     | 0.40        | 156.63      | 0.62        | 40.00       | 6.87        | 6.00        | 0.00        | 14.00       | 75.00       | 50.00       | 1.50        | 1.50        | 150.00      | 1.00       
2025-12-17 23:03:16,602 | INFO | BotTrainer | Bot_192     | 0.40        | 245.30      | 0.62        | 34.00       | 9.78        | 6.00        | 0.00        | 14.00       | 100.00      | 75.00       | 2.00        | 1.50        | 225.00      | 1.00       
2025-12-17 23:03:16,602 | INFO | BotTrainer | Bot_233     | 0.39        | 87.40       | 0.47        | 40.00       | 2.21        | 7.00        | 0.00        | 21.00       | 75.00       | 75.00       | 1.00        | 0.50        | 225.00      | 1.00       
2025-12-17 23:03:16,603 | INFO | BotTrainer | Bot_200     | 0.39        | 211.36      | 0.54        | 52.00       | 7.31        | 6.00        | 0.00        | 21.00       | 50.00       | 25.00       | 2.00        | 1.50        | 75.00       | 1.00       
2025-12-17 23:03:16,603 | INFO | BotTrainer | Bot_10      | 0.39        | 36.76       | 0.53        | 78.00       | 6.06        | 6.00        | 0.00        | 5.00        | 21.00       | 50.00       | 1.00        | 1.00        | 150.00      | 1.00       
2025-12-17 23:03:16,603 | INFO | BotTrainer | Bot_64      | 0.39        | 198.80      | 0.53        | 55.00       | 9.13        | 6.00        | 0.00        | 5.00        | 75.00       | 50.00       | 2.00        | 1.50        | 150.00      | 1.00       
2025-12-17 23:03:16,603 | INFO | BotTrainer | Bot_108     | 0.39        | 168.33      | 0.52        | 54.00       | 5.47        | 6.00        | 0.00        | 14.00       | 21.00       | 50.00       | 1.50        | 1.00        | 150.00      | 1.00       
2025-12-17 23:03:16,604 | INFO | BotTrainer | Bot_204     | 0.39        | 58.59       | 0.46        | 39.00       | 4.22        | 7.00        | 0.00        | 21.00       | 50.00       | 50.00       | 1.50        | 1.00        | 150.00      | 1.00       
2025-12-17 23:03:16,604 | INFO | BotTrainer | Bot_125     | 0.39        | 207.02      | 0.61        | 61.00       | 5.78        | 5.00        | 0.00        | 14.00       | 50.00       | 25.00       | 1.50        | 1.50        | 75.00       | 1.00       
2025-12-17 23:03:16,604 | INFO | BotTrainer | Bot_194     | 0.39        | -42.19      | 0.47        | 62.00       | 13.73       | 7.00        | 0.00        | 21.00       | 50.00       | 25.00       | 1.00        | 1.00        | 75.00       | 1.00       
2025-12-17 23:03:16,604 | INFO | BotTrainer | Bot_197     | 0.39        | 71.48       | 0.55        | 53.00       | 6.21        | 6.00        | 0.00        | 21.00       | 50.00       | 25.00       | 1.50        | 1.50        | 75.00       | 1.00       
2025-12-17 23:03:16,605 | INFO | BotTrainer | Bot_93      | 0.39        | 208.10      | 0.62        | 53.00       | 6.62        | 5.00        | 0.00        | 5.00        | 100.00      | 75.00       | 1.50        | 1.50        | 225.00      | 1.00       
2025-12-17 23:03:16,605 | INFO | BotTrainer | Bot_210     | 0.38        | 59.61       | 0.57        | 42.00       | 5.85        | 6.00        | 0.00        | 21.00       | 50.00       | 75.00       | 1.00        | 1.00        | 225.00      | 1.00       
2025-12-17 23:03:16,605 | INFO | BotTrainer | Bot_28      | 0.38        | 107.34      | 0.44        | 104.00      | 13.79       | 6.00        | 0.00        | 5.00        | 50.00       | 25.00       | 1.50        | 1.00        | 75.00       | 1.00       
2025-12-17 23:03:16,605 | INFO | BotTrainer | Bot_69      | 0.38        | 190.25      | 0.62        | 52.00       | 6.49        | 5.00        | 0.00        | 5.00        | 75.00       | 75.00       | 1.50        | 1.50        | 225.00      | 1.00       
2025-12-17 23:03:16,605 | INFO | BotTrainer | Bot_5       | 0.38        | 53.04       | 0.53        | 74.00       | 14.83       | 6.00        | 0.00        | 5.00        | 21.00       | 25.00       | 1.50        | 1.50        | 75.00       | 1.00       
2025-12-17 23:03:16,606 | INFO | BotTrainer | Bot_105     | 0.38        | 136.39      | 0.45        | 73.00       | 6.38        | 6.00        | 0.00        | 14.00       | 21.00       | 50.00       | 1.00        | 0.50        | 150.00      | 1.00       
2025-12-17 23:03:16,606 | INFO | BotTrainer | Bot_113     | 0.38        | 131.05      | 0.47        | 62.00       | 4.17        | 6.00        | 0.00        | 14.00       | 21.00       | 75.00       | 1.00        | 0.50        | 225.00      | 1.00       
2025-12-17 23:03:16,606 | INFO | BotTrainer | Bot_25      | 0.38        | 260.18      | 0.46        | 127.00      | 5.83        | 5.00        | 0.00        | 5.00        | 50.00       | 25.00       | 1.00        | 0.50        | 75.00       | 1.00       
2025-12-17 23:03:16,606 | INFO | BotTrainer | Bot_133     | 0.38        | 72.93       | 0.56        | 41.00       | 9.95        | 6.00        | 0.00        | 14.00       | 50.00       | 50.00       | 1.50        | 1.50        | 150.00      | 1.00       
2025-12-17 23:03:16,607 | INFO | BotTrainer | Bot_130     | 0.38        | 27.93       | 0.53        | 49.00       | 6.07        | 6.00        | 0.00        | 14.00       | 50.00       | 50.00       | 1.00        | 1.00        | 150.00      | 1.00       
2025-12-17 23:03:16,607 | INFO | BotTrainer | Bot_45      | 0.38        | 154.81      | 0.59        | 54.00       | 5.78        | 5.00        | 0.00        | 5.00        | 50.00       | 75.00       | 1.50        | 1.50        | 225.00      | 1.00       
2025-12-17 23:03:16,607 | INFO | BotTrainer | Bot_36      | 0.38        | 225.33      | 0.50        | 84.00       | 7.87        | 5.00        | 0.00        | 5.00        | 50.00       | 50.00       | 1.50        | 1.00        | 150.00      | 1.00       
2025-12-17 23:03:16,608 | INFO | BotTrainer | Bot_226     | 0.38        | 28.45       | 0.54        | 39.00       | 3.91        | 6.00        | 0.00        | 21.00       | 75.00       | 50.00       | 1.00        | 1.00        | 150.00      | 1.00       
2025-12-17 23:03:16,608 | INFO | BotTrainer | Bot_33      | 0.37        | 187.59      | 0.44        | 106.00      | 8.11        | 5.00        | 0.00        | 5.00        | 50.00       | 50.00       | 1.00        | 0.50        | 150.00      | 1.00       
2025-12-17 23:03:16,608 | INFO | BotTrainer | Bot_84      | 0.37        | 183.19      | 0.48        | 85.00       | 8.22        | 5.00        | 0.00        | 5.00        | 100.00      | 50.00       | 1.50        | 1.00        | 150.00      | 1.00       
2025-12-17 23:03:16,608 | INFO | BotTrainer | Bot_57      | 0.37        | 164.10      | 0.43        | 107.00      | 6.78        | 5.00        | 0.00        | 5.00        | 75.00       | 50.00       | 1.00        | 0.50        | 150.00      | 1.00       
2025-12-17 23:03:16,609 | INFO | BotTrainer | Bot_264     | 0.37        | 84.11       | 0.52        | 27.00       | 7.59        | 6.00        | 0.00        | 21.00       | 100.00      | 75.00       | 2.00        | 1.50        | 225.00      | 1.00       
2025-12-17 23:03:16,609 | INFO | BotTrainer | Bot_225     | 0.36        | 76.40       | 0.44        | 48.00       | 2.73        | 6.00        | 0.00        | 21.00       | 75.00       | 50.00       | 1.00        | 0.50        | 150.00      | 1.00       
2025-12-17 23:03:16,609 | INFO | BotTrainer | Bot_13      | 0.36        | 87.31       | 0.55        | 56.00       | 6.26        | 5.00        | 0.00        | 5.00        | 21.00       | 50.00       | 1.50        | 1.50        | 150.00      | 1.00       
2025-12-17 23:03:16,609 | INFO | BotTrainer | Bot_116     | 0.36        | 169.20      | 0.55        | 44.00       | 5.67        | 5.00        | 0.00        | 14.00       | 21.00       | 75.00       | 1.50        | 1.00        | 225.00      | 1.00       
2025-12-17 23:03:16,610 | INFO | BotTrainer | Bot_201     | 0.36        | 65.58       | 0.42        | 53.00       | 2.59        | 6.00        | 0.00        | 21.00       | 50.00       | 50.00       | 1.00        | 0.50        | 150.00      | 1.00       
2025-12-17 23:03:16,610 | INFO | BotTrainer | Bot_4       | 0.36        | 13.84       | 0.41        | 83.00       | 12.81       | 6.00        | 0.00        | 5.00        | 21.00       | 25.00       | 1.50        | 1.00        | 75.00       | 1.00       
2025-12-17 23:03:16,610 | INFO | BotTrainer | Bot_72      | 0.36        | 176.53      | 0.53        | 47.00       | 6.53        | 5.00        | 0.00        | 5.00        | 75.00       | 75.00       | 2.00        | 1.50        | 225.00      | 1.00       
2025-12-17 23:03:16,610 | INFO | BotTrainer | Bot_162     | 0.36        | 59.29       | 0.56        | 48.00       | 5.04        | 5.00        | 0.00        | 14.00       | 75.00       | 75.00       | 1.00        | 1.00        | 225.00      | 1.00       
2025-12-17 23:03:16,611 | INFO | BotTrainer | Bot_122     | 0.36        | 26.91       | 0.52        | 69.00       | 5.05        | 5.00        | 0.00        | 14.00       | 50.00       | 25.00       | 1.00        | 1.00        | 75.00       | 1.00       
2025-12-17 23:03:16,611 | INFO | BotTrainer | Bot_48      | 0.36        | 158.88      | 0.52        | 48.00       | 5.78        | 5.00        | 0.00        | 5.00        | 50.00       | 75.00       | 2.00        | 1.50        | 225.00      | 1.00       
2025-12-17 23:03:16,611 | INFO | BotTrainer | Bot_42      | 0.36        | 123.11      | 0.58        | 78.00       | 4.33        | 4.00        | 0.00        | 5.00        | 50.00       | 75.00       | 1.00        | 1.00        | 225.00      | 1.00       
2025-12-17 23:03:16,612 | INFO | BotTrainer | Bot_24      | 0.36        | 29.05       | 0.45        | 42.00       | 8.15        | 6.00        | 0.00        | 5.00        | 21.00       | 75.00       | 2.00        | 1.50        | 225.00      | 1.00       
2025-12-17 23:03:16,612 | INFO | BotTrainer | Bot_153     | 0.35        | 119.77      | 0.45        | 64.00       | 2.77        | 5.00        | 0.00        | 14.00       | 75.00       | 50.00       | 1.00        | 0.50        | 150.00      | 1.00       
2025-12-17 23:03:16,612 | INFO | BotTrainer | Bot_98      | 0.35        | -3.39       | 0.50        | 68.00       | 7.87        | 5.00        | 0.00        | 14.00       | 21.00       | 25.00       | 1.00        | 1.00        | 75.00       | 1.00       
2025-12-17 23:03:16,613 | INFO | BotTrainer | Bot_66      | 0.35        | 79.07       | 0.55        | 78.00       | 5.22        | 4.00        | 0.00        | 5.00        | 75.00       | 75.00       | 1.00        | 1.00        | 225.00      | 1.00       
2025-12-17 23:03:16,613 | INFO | BotTrainer | Bot_124     | 0.35        | 88.55       | 0.45        | 66.00       | 7.48        | 5.00        | 0.00        | 14.00       | 50.00       | 25.00       | 1.50        | 1.00        | 75.00       | 1.00       
2025-12-17 23:03:16,614 | INFO | BotTrainer | Bot_232     | 0.35        | 104.64      | 0.51        | 35.00       | 5.46        | 5.00        | 0.00        | 21.00       | 75.00       | 50.00       | 2.00        | 1.50        | 150.00      | 1.00       
2025-12-17 23:03:16,614 | INFO | BotTrainer | Bot_250     | 0.35        | 18.27       | 0.53        | 38.00       | 4.10        | 5.00        | 0.00        | 21.00       | 100.00      | 50.00       | 1.00        | 1.00        | 150.00      | 1.00       
2025-12-17 23:03:16,614 | INFO | BotTrainer | Bot_90      | 0.35        | 57.49       | 0.54        | 82.00       | 6.16        | 4.00        | 0.00        | 5.00        | 100.00      | 75.00       | 1.00        | 1.00        | 225.00      | 1.00       
2025-12-17 23:03:16,615 | INFO | BotTrainer | Bot_138     | 0.35        | 17.86       | 0.52        | 46.00       | 7.93        | 5.00        | 0.00        | 14.00       | 50.00       | 75.00       | 1.00        | 1.00        | 225.00      | 1.00       
2025-12-17 23:03:16,615 | INFO | BotTrainer | Bot_229     | 0.34        | 26.29       | 0.53        | 36.00       | 6.26        | 5.00        | 0.00        | 21.00       | 75.00       | 50.00       | 1.50        | 1.50        | 150.00      | 1.00       
2025-12-17 23:03:16,615 | INFO | BotTrainer | Bot_258     | 0.34        | 8.28        | 0.51        | 35.00       | 3.09        | 5.00        | 0.00        | 21.00       | 100.00      | 75.00       | 1.00        | 1.00        | 225.00      | 1.00       
2025-12-17 23:03:16,616 | INFO | BotTrainer | Bot_40      | 0.34        | 68.39       | 0.47        | 58.00       | 10.58       | 5.00        | 0.00        | 5.00        | 50.00       | 50.00       | 2.00        | 1.50        | 150.00      | 1.00       
2025-12-17 23:03:16,616 | INFO | BotTrainer | Bot_196     | 0.34        | -47.96      | 0.37        | 57.00       | 10.99       | 6.00        | 0.00        | 21.00       | 50.00       | 25.00       | 1.50        | 1.00        | 75.00       | 1.00       
2025-12-17 23:03:16,616 | INFO | BotTrainer | Bot_188     | 0.34        | 74.47       | 0.47        | 40.00       | 5.07        | 5.00        | 0.00        | 14.00       | 100.00      | 75.00       | 1.50        | 1.00        | 225.00      | 1.00       
2025-12-17 23:03:16,617 | INFO | BotTrainer | Bot_81      | 0.34        | 164.02      | 0.43        | 110.00      | 7.25        | 4.00        | 0.00        | 5.00        | 100.00      | 50.00       | 1.00        | 0.50        | 150.00      | 1.00       
2025-12-17 23:03:16,618 | INFO | BotTrainer | Bot_89      | 0.34        | 141.51      | 0.43        | 93.00       | 2.68        | 4.00        | 0.00        | 5.00        | 100.00      | 75.00       | 1.00        | 0.50        | 225.00      | 1.00       
2025-12-17 23:03:16,618 | INFO | BotTrainer | Bot_164     | 0.34        | 74.47       | 0.47        | 40.00       | 6.04        | 5.00        | 0.00        | 14.00       | 75.00       | 75.00       | 1.50        | 1.00        | 225.00      | 1.00       
2025-12-17 23:03:16,619 | INFO | BotTrainer | Bot_203     | 0.34        | 64.95       | 0.32        | 47.00       | 3.69        | 6.00        | 0.00        | 21.00       | 50.00       | 50.00       | 1.50        | 0.50        | 150.00      | 1.00       
2025-12-17 23:03:16,619 | INFO | BotTrainer | Bot_44      | 0.34        | 149.77      | 0.49        | 68.00       | 4.85        | 4.00        | 0.00        | 5.00        | 50.00       | 75.00       | 1.50        | 1.00        | 225.00      | 1.00       
2025-12-17 23:03:16,620 | INFO | BotTrainer | Bot_1       | 0.34        | 124.30      | 0.41        | 102.00      | 5.21        | 4.00        | 0.00        | 5.00        | 21.00       | 25.00       | 1.00        | 0.50        | 75.00       | 1.00       
2025-12-17 23:03:16,620 | INFO | BotTrainer | Bot_65      | 0.34        | 119.01      | 0.42        | 91.00       | 2.83        | 4.00        | 0.00        | 5.00        | 75.00       | 75.00       | 1.00        | 0.50        | 225.00      | 1.00       
2025-12-17 23:03:16,621 | INFO | BotTrainer | Bot_140     | 0.33        | 63.72       | 0.46        | 41.00       | 9.02        | 5.00        | 0.00        | 14.00       | 50.00       | 75.00       | 1.50        | 1.00        | 225.00      | 1.00       
2025-12-17 23:03:16,621 | INFO | BotTrainer | Bot_128     | 0.33        | 145.66      | 0.50        | 58.00       | 6.81        | 4.00        | 0.00        | 14.00       | 50.00       | 25.00       | 2.00        | 1.50        | 75.00       | 1.00       
2025-12-17 23:03:16,621 | INFO | BotTrainer | Bot_177     | 0.33        | 131.05      | 0.47        | 62.00       | 2.24        | 4.00        | 0.00        | 14.00       | 100.00      | 50.00       | 1.00        | 0.50        | 150.00      | 1.00       
2025-12-17 23:03:16,622 | INFO | BotTrainer | Bot_68      | 0.33        | 110.65      | 0.47        | 64.00       | 5.29        | 4.00        | 0.00        | 5.00        | 75.00       | 75.00       | 1.50        | 1.00        | 225.00      | 1.00       
2025-12-17 23:03:16,622 | INFO | BotTrainer | Bot_260     | 0.33        | 38.30       | 0.45        | 31.00       | 5.45        | 5.00        | 0.00        | 21.00       | 100.00      | 75.00       | 1.50        | 1.00        | 225.00      | 1.00       
2025-12-17 23:03:16,622 | INFO | BotTrainer | Bot_199     | 0.33        | -25.14      | 0.32        | 56.00       | 14.14       | 6.00        | 0.00        | 21.00       | 50.00       | 25.00       | 2.00        | 1.00        | 75.00       | 1.00       
2025-12-17 23:03:16,623 | INFO | BotTrainer | Bot_21      | 0.32        | 24.91       | 0.52        | 48.00       | 5.94        | 4.00        | 0.00        | 5.00        | 21.00       | 75.00       | 1.50        | 1.50        | 225.00      | 1.00       
2025-12-17 23:03:16,623 | INFO | BotTrainer | Bot_228     | 0.32        | 12.35       | 0.42        | 36.00       | 3.44        | 5.00        | 0.00        | 21.00       | 75.00       | 50.00       | 1.50        | 1.00        | 150.00      | 1.00       
2025-12-17 23:03:16,624 | INFO | BotTrainer | Bot_92      | 0.32        | 77.66       | 0.45        | 67.00       | 5.19        | 4.00        | 0.00        | 5.00        | 100.00      | 75.00       | 1.50        | 1.00        | 225.00      | 1.00       
2025-12-17 23:03:16,624 | INFO | BotTrainer | Bot_27      | 0.32        | 185.04      | 0.32        | 117.00      | 5.69        | 4.00        | 0.00        | 5.00        | 50.00       | 25.00       | 1.50        | 0.50        | 75.00       | 1.00       
2025-12-17 23:03:16,624 | INFO | BotTrainer | Bot_212     | 0.32        | 102.01      | 0.51        | 35.00       | 4.92        | 4.00        | 0.00        | 21.00       | 50.00       | 75.00       | 1.50        | 1.00        | 225.00      | 1.00       
2025-12-17 23:03:16,624 | INFO | BotTrainer | Bot_39      | 0.32        | 53.96       | 0.36        | 72.00       | 15.58       | 5.00        | 0.00        | 5.00        | 50.00       | 50.00       | 2.00        | 1.00        | 150.00      | 1.00       
2025-12-17 23:03:16,625 | INFO | BotTrainer | Bot_59      | 0.32        | 162.73      | 0.33        | 93.00       | 5.61        | 4.00        | 0.00        | 5.00        | 75.00       | 50.00       | 1.50        | 0.50        | 150.00      | 1.00       
2025-12-17 23:03:16,625 | INFO | BotTrainer | Bot_87      | 0.32        | 53.96       | 0.36        | 72.00       | 18.14       | 5.00        | 0.00        | 5.00        | 100.00      | 50.00       | 2.00        | 1.00        | 150.00      | 1.00       
2025-12-17 23:03:16,625 | INFO | BotTrainer | Bot_185     | 0.32        | 87.00       | 0.44        | 55.00       | 3.07        | 4.00        | 0.00        | 14.00       | 100.00      | 75.00       | 1.00        | 0.50        | 225.00      | 1.00       
2025-12-17 23:03:16,626 | INFO | BotTrainer | Bot_161     | 0.32        | 86.92       | 0.43        | 58.00       | 3.57        | 4.00        | 0.00        | 14.00       | 75.00       | 75.00       | 1.00        | 0.50        | 225.00      | 1.00       
2025-12-17 23:03:16,626 | INFO | BotTrainer | Bot_63      | 0.32        | 43.73       | 0.36        | 70.00       | 16.60       | 5.00        | 0.00        | 5.00        | 75.00       | 50.00       | 2.00        | 1.00        | 150.00      | 1.00       
2025-12-17 23:03:16,626 | INFO | BotTrainer | Bot_32      | 0.32        | 28.49       | 0.44        | 79.00       | 12.26       | 4.00        | 0.00        | 5.00        | 50.00       | 25.00       | 2.00        | 1.50        | 75.00       | 1.00       
2025-12-17 23:03:16,627 | INFO | BotTrainer | Bot_227     | 0.32        | 81.09       | 0.34        | 44.00       | 3.88        | 5.00        | 0.00        | 21.00       | 75.00       | 50.00       | 1.50        | 0.50        | 150.00      | 1.00       
2025-12-17 23:03:16,627 | INFO | BotTrainer | Bot_41      | 0.32        | 153.01      | 0.44        | 91.00       | 2.91        | 3.00        | 0.00        | 5.00        | 50.00       | 75.00       | 1.00        | 0.50        | 225.00      | 1.00       
2025-12-17 23:03:16,627 | INFO | BotTrainer | Bot_209     | 0.31        | 76.48       | 0.44        | 45.00       | 3.52        | 4.00        | 0.00        | 21.00       | 50.00       | 75.00       | 1.00        | 0.50        | 225.00      | 1.00       
2025-12-17 23:03:16,628 | INFO | BotTrainer | Bot_180     | 0.31        | 63.72       | 0.46        | 41.00       | 5.37        | 4.00        | 0.00        | 14.00       | 100.00      | 50.00       | 1.50        | 1.00        | 150.00      | 1.00       
2025-12-17 23:03:16,628 | INFO | BotTrainer | Bot_86      | 0.31        | 67.40       | 0.23        | 86.00       | 7.27        | 5.00        | 0.00        | 5.00        | 100.00      | 50.00       | 2.00        | 0.50        | 150.00      | 1.00       
2025-12-17 23:03:16,628 | INFO | BotTrainer | Bot_100     | 0.31        | 41.00       | 0.43        | 63.00       | 8.43        | 4.00        | 0.00        | 14.00       | 21.00       | 25.00       | 1.50        | 1.00        | 75.00       | 1.00       
2025-12-17 23:03:16,628 | INFO | BotTrainer | Bot_156     | 0.31        | 53.09       | 0.45        | 42.00       | 6.18        | 4.00        | 0.00        | 14.00       | 75.00       | 50.00       | 1.50        | 1.00        | 150.00      | 1.00       
2025-12-17 23:03:16,629 | INFO | BotTrainer | Bot_47      | 0.31        | 98.17       | 0.39        | 59.00       | 6.28        | 4.00        | 0.00        | 5.00        | 50.00       | 75.00       | 2.00        | 1.00        | 225.00      | 1.00       
2025-12-17 23:03:16,629 | INFO | BotTrainer | Bot_129     | 0.31        | 49.52       | 0.39        | 62.00       | 3.72        | 4.00        | 0.00        | 14.00       | 50.00       | 50.00       | 1.00        | 0.50        | 150.00      | 1.00       
2025-12-17 23:03:16,629 | INFO | BotTrainer | Bot_136     | 0.31        | 55.67       | 0.47        | 38.00       | 10.03       | 4.00        | 0.00        | 14.00       | 50.00       | 50.00       | 2.00        | 1.50        | 150.00      | 1.00       
2025-12-17 23:03:16,630 | INFO | BotTrainer | Bot_15      | 0.31        | 97.85       | 0.39        | 62.00       | 8.48        | 4.00        | 0.00        | 5.00        | 21.00       | 50.00       | 2.00        | 1.00        | 150.00      | 1.00       
2025-12-17 23:03:16,630 | INFO | BotTrainer | Bot_187     | 0.31        | 130.64      | 0.40        | 43.00       | 3.59        | 4.00        | 0.00        | 14.00       | 100.00      | 75.00       | 1.50        | 0.50        | 225.00      | 1.00       
2025-12-17 23:03:16,630 | INFO | BotTrainer | Bot_31      | 0.31        | 30.52       | 0.35        | 98.00       | 14.38       | 4.00        | 0.00        | 5.00        | 50.00       | 25.00       | 2.00        | 1.00        | 75.00       | 1.00       
2025-12-17 23:03:16,631 | INFO | BotTrainer | Bot_155     | 0.31        | 130.13      | 0.36        | 55.00       | 3.86        | 4.00        | 0.00        | 14.00       | 75.00       | 50.00       | 1.50        | 0.50        | 150.00      | 1.00       
2025-12-17 23:03:16,631 | INFO | BotTrainer | Bot_115     | 0.31        | 135.81      | 0.37        | 54.00       | 5.70        | 4.00        | 0.00        | 14.00       | 21.00       | 75.00       | 1.50        | 0.50        | 225.00      | 1.00       
2025-12-17 23:03:16,631 | INFO | BotTrainer | Bot_179     | 0.31        | 124.65      | 0.37        | 52.00       | 3.33        | 4.00        | 0.00        | 14.00       | 100.00      | 50.00       | 1.50        | 0.50        | 150.00      | 1.00       
2025-12-17 23:03:16,632 | INFO | BotTrainer | Bot_127     | 0.30        | 76.32       | 0.38        | 61.00       | 7.94        | 4.00        | 0.00        | 14.00       | 50.00       | 25.00       | 2.00        | 1.00        | 75.00       | 1.00       
2025-12-17 23:03:16,632 | INFO | BotTrainer | Bot_3       | 0.30        | 68.39       | 0.29        | 94.00       | 6.53        | 4.00        | 0.00        | 5.00        | 21.00       | 25.00       | 1.50        | 0.50        | 75.00       | 1.00       
2025-12-17 23:03:16,632 | INFO | BotTrainer | Bot_236     | 0.30        | 33.29       | 0.45        | 29.00       | 4.24        | 4.00        | 0.00        | 21.00       | 75.00       | 75.00       | 1.50        | 1.00        | 225.00      | 1.00       
2025-12-17 23:03:16,632 | INFO | BotTrainer | Bot_143     | 0.30        | 6.19        | 0.34        | 38.00       | 11.64       | 5.00        | 0.00        | 14.00       | 50.00       | 75.00       | 2.00        | 1.00        | 225.00      | 1.00       
2025-12-17 23:03:16,633 | INFO | BotTrainer | Bot_95      | 0.30        | 55.22       | 0.37        | 60.00       | 7.25        | 4.00        | 0.00        | 5.00        | 100.00      | 75.00       | 2.00        | 1.00        | 225.00      | 1.00       
2025-12-17 23:03:16,633 | INFO | BotTrainer | Bot_239     | 0.30        | 79.85       | 0.43        | 28.00       | 5.57        | 4.00        | 0.00        | 21.00       | 75.00       | 75.00       | 2.00        | 1.00        | 225.00      | 1.00       
2025-12-17 23:03:16,634 | INFO | BotTrainer | Bot_83      | 0.30        | 185.92      | 0.34        | 97.00       | 6.25        | 3.00        | 0.00        | 5.00        | 100.00      | 50.00       | 1.50        | 0.50        | 150.00      | 1.00       
2025-12-17 23:03:16,634 | INFO | BotTrainer | Bot_8       | 0.30        | -34.35      | 0.42        | 67.00       | 17.93       | 4.00        | 0.00        | 5.00        | 21.00       | 25.00       | 2.00        | 1.50        | 75.00       | 1.00       
2025-12-17 23:03:16,634 | INFO | BotTrainer | Bot_132     | 0.30        | 16.88       | 0.42        | 43.00       | 8.23        | 4.00        | 0.00        | 14.00       | 50.00       | 50.00       | 1.50        | 1.00        | 150.00      | 1.00       
2025-12-17 23:03:16,634 | INFO | BotTrainer | Bot_71      | 0.30        | 55.53       | 0.37        | 57.00       | 8.18        | 4.00        | 0.00        | 5.00        | 75.00       | 75.00       | 2.00        | 1.00        | 225.00      | 1.00       
2025-12-17 23:03:16,635 | INFO | BotTrainer | Bot_18      | 0.30        | -32.80      | 0.48        | 67.00       | 6.91        | 3.00        | 0.00        | 5.00        | 21.00       | 75.00       | 1.00        | 1.00        | 225.00      | 1.00       
2025-12-17 23:03:16,635 | INFO | BotTrainer | Bot_35      | 0.30        | 174.27      | 0.34        | 95.00       | 6.78        | 3.00        | 0.00        | 5.00        | 50.00       | 50.00       | 1.50        | 0.50        | 150.00      | 1.00       
2025-12-17 23:03:16,635 | INFO | BotTrainer | Bot_215     | 0.30        | 68.42       | 0.40        | 35.00       | 6.79        | 4.00        | 0.00        | 21.00       | 50.00       | 75.00       | 2.00        | 1.00        | 225.00      | 1.00       
2025-12-17 23:03:16,636 | INFO | BotTrainer | Bot_214     | 0.30        | 146.98      | 0.35        | 37.00       | 4.01        | 4.00        | 0.00        | 21.00       | 50.00       | 75.00       | 2.00        | 0.50        | 225.00      | 1.00       
2025-12-17 23:03:16,636 | INFO | BotTrainer | Bot_211     | 0.30        | 92.14       | 0.37        | 38.00       | 3.97        | 4.00        | 0.00        | 21.00       | 50.00       | 75.00       | 1.50        | 0.50        | 225.00      | 1.00       
2025-12-17 23:03:16,637 | INFO | BotTrainer | Bot_97      | 0.30        | -26.57      | 0.31        | 80.00       | 6.92        | 4.00        | 0.00        | 14.00       | 21.00       | 25.00       | 1.00        | 0.50        | 75.00       | 1.00       
2025-12-17 23:03:16,637 | INFO | BotTrainer | Bot_12      | 0.29        | 61.34       | 0.44        | 71.00       | 7.90        | 3.00        | 0.00        | 5.00        | 21.00       | 50.00       | 1.50        | 1.00        | 150.00      | 1.00       
2025-12-17 23:03:16,638 | INFO | BotTrainer | Bot_111     | 0.29        | 132.46      | 0.42        | 50.00       | 5.13        | 3.00        | 0.00        | 14.00       | 21.00       | 50.00       | 2.00        | 1.00        | 150.00      | 1.00       
2025-12-17 23:03:16,639 | INFO | BotTrainer | Bot_9       | 0.29        | 38.43       | 0.36        | 88.00       | 6.18        | 3.00        | 0.00        | 5.00        | 21.00       | 50.00       | 1.00        | 0.50        | 150.00      | 1.00       
2025-12-17 23:03:16,639 | INFO | BotTrainer | Bot_119     | 0.29        | 133.48      | 0.44        | 41.00       | 5.13        | 3.00        | 0.00        | 14.00       | 21.00       | 75.00       | 2.00        | 1.00        | 225.00      | 1.00       
2025-12-17 23:03:16,639 | INFO | BotTrainer | Bot_107     | 0.29        | 163.94      | 0.37        | 65.00       | 6.44        | 3.00        | 0.00        | 14.00       | 21.00       | 50.00       | 1.50        | 0.50        | 150.00      | 1.00       
2025-12-17 23:03:16,640 | INFO | BotTrainer | Bot_253     | 0.28        | -3.82       | 0.50        | 34.00       | 7.53        | 3.00        | 0.00        | 21.00       | 100.00      | 50.00       | 1.50        | 1.50        | 150.00      | 1.00       
2025-12-17 23:03:16,640 | INFO | BotTrainer | Bot_121     | 0.28        | 18.04       | 0.35        | 83.00       | 3.67        | 3.00        | 0.00        | 14.00       | 50.00       | 25.00       | 1.00        | 0.50        | 75.00       | 1.00       
2025-12-17 23:03:16,640 | INFO | BotTrainer | Bot_17      | 0.28        | 33.62       | 0.36        | 74.00       | 3.53        | 3.00        | 0.00        | 5.00        | 21.00       | 75.00       | 1.00        | 0.50        | 225.00      | 1.00       
2025-12-17 23:03:16,641 | INFO | BotTrainer | Bot_23      | 0.28        | -5.05       | 0.33        | 51.00       | 8.96        | 4.00        | 0.00        | 5.00        | 21.00       | 75.00       | 2.00        | 1.00        | 225.00      | 1.00       
2025-12-17 23:03:16,641 | INFO | BotTrainer | Bot_249     | 0.28        | 55.11       | 0.41        | 49.00       | 2.13        | 3.00        | 0.00        | 21.00       | 100.00      | 50.00       | 1.00        | 0.50        | 150.00      | 1.00       
2025-12-17 23:03:16,642 | INFO | BotTrainer | Bot_103     | 0.28        | 87.19       | 0.38        | 60.00       | 7.99        | 3.00        | 0.00        | 14.00       | 21.00       | 25.00       | 2.00        | 1.00        | 75.00       | 1.00       
2025-12-17 23:03:16,642 | INFO | BotTrainer | Bot_191     | 0.28        | 100.47      | 0.42        | 38.00       | 5.67        | 3.00        | 0.00        | 14.00       | 100.00      | 75.00       | 2.00        | 1.00        | 225.00      | 1.00       
2025-12-17 23:03:16,642 | INFO | BotTrainer | Bot_20      | 0.28        | 5.58        | 0.41        | 59.00       | 6.89        | 3.00        | 0.00        | 5.00        | 21.00       | 75.00       | 1.50        | 1.00        | 225.00      | 1.00       
2025-12-17 23:03:16,643 | INFO | BotTrainer | Bot_256     | 0.28        | 25.31       | 0.45        | 33.00       | 7.10        | 3.00        | 0.00        | 21.00       | 100.00      | 50.00       | 2.00        | 1.50        | 150.00      | 1.00       
2025-12-17 23:03:16,643 | INFO | BotTrainer | Bot_11      | 0.28        | 79.64       | 0.30        | 80.00       | 5.23        | 3.00        | 0.00        | 5.00        | 21.00       | 50.00       | 1.50        | 0.50        | 150.00      | 1.00       
2025-12-17 23:03:16,643 | INFO | BotTrainer | Bot_163     | 0.27        | 108.19      | 0.36        | 47.00       | 4.09        | 3.00        | 0.00        | 14.00       | 75.00       | 75.00       | 1.50        | 0.50        | 225.00      | 1.00       
2025-12-17 23:03:16,644 | INFO | BotTrainer | Bot_139     | 0.27        | 108.19      | 0.36        | 47.00       | 4.70        | 3.00        | 0.00        | 14.00       | 50.00       | 75.00       | 1.50        | 0.50        | 225.00      | 1.00       
2025-12-17 23:03:16,644 | INFO | BotTrainer | Bot_207     | 0.27        | 68.10       | 0.39        | 38.00       | 4.05        | 3.00        | 0.00        | 21.00       | 50.00       | 50.00       | 2.00        | 1.00        | 150.00      | 1.00       
2025-12-17 23:03:16,645 | INFO | BotTrainer | Bot_123     | 0.27        | 58.36       | 0.29        | 80.00       | 4.21        | 3.00        | 0.00        | 14.00       | 50.00       | 25.00       | 1.50        | 0.50        | 75.00       | 1.00       
2025-12-17 23:03:16,645 | INFO | BotTrainer | Bot_137     | 0.27        | 23.85       | 0.36        | 55.00       | 5.09        | 3.00        | 0.00        | 14.00       | 50.00       | 75.00       | 1.00        | 0.50        | 225.00      | 1.00       
2025-12-17 23:03:16,646 | INFO | BotTrainer | Bot_257     | 0.27        | 29.30       | 0.38        | 42.00       | 2.52        | 3.00        | 0.00        | 21.00       | 100.00      | 75.00       | 1.00        | 0.50        | 225.00      | 1.00       
2025-12-17 23:03:16,646 | INFO | BotTrainer | Bot_252     | 0.27        | 12.35       | 0.42        | 36.00       | 5.65        | 3.00        | 0.00        | 21.00       | 100.00      | 50.00       | 1.50        | 1.00        | 150.00      | 1.00       
2025-12-17 23:03:16,646 | INFO | BotTrainer | Bot_7       | 0.27        | 2.01        | 0.34        | 80.00       | 12.25       | 3.00        | 0.00        | 5.00        | 21.00       | 25.00       | 2.00        | 1.00        | 75.00       | 1.00       
2025-12-17 23:03:16,647 | INFO | BotTrainer | Bot_43      | 0.27        | 174.97      | 0.35        | 79.00       | 3.57        | 2.00        | 0.00        | 5.00        | 50.00       | 75.00       | 1.50        | 0.50        | 225.00      | 1.00       
2025-12-17 23:03:16,647 | INFO | BotTrainer | Bot_110     | 0.27        | 139.83      | 0.29        | 63.00       | 6.82        | 3.00        | 0.00        | 14.00       | 21.00       | 50.00       | 2.00        | 0.50        | 150.00      | 1.00       
2025-12-17 23:03:16,648 | INFO | BotTrainer | Bot_118     | 0.27        | 146.13      | 0.31        | 52.00       | 6.24        | 3.00        | 0.00        | 14.00       | 21.00       | 75.00       | 2.00        | 0.50        | 225.00      | 1.00       
2025-12-17 23:03:16,648 | INFO | BotTrainer | Bot_193     | 0.27        | -26.43      | 0.31        | 74.00       | 7.04        | 3.00        | 0.00        | 21.00       | 50.00       | 25.00       | 1.00        | 0.50        | 75.00       | 1.00       
2025-12-17 23:03:16,648 | INFO | BotTrainer | Bot_131     | 0.27        | 75.36       | 0.32        | 53.00       | 4.33        | 3.00        | 0.00        | 14.00       | 50.00       | 50.00       | 1.50        | 0.50        | 150.00      | 1.00       
2025-12-17 23:03:16,649 | INFO | BotTrainer | Bot_91      | 0.27        | 157.60      | 0.35        | 78.00       | 3.53        | 2.00        | 0.00        | 5.00        | 100.00      | 75.00       | 1.50        | 0.50        | 225.00      | 1.00       
2025-12-17 23:03:16,649 | INFO | BotTrainer | Bot_235     | 0.27        | 70.78       | 0.35        | 34.00       | 2.72        | 3.00        | 0.00        | 21.00       | 75.00       | 75.00       | 1.50        | 0.50        | 225.00      | 1.00       
2025-12-17 23:03:16,649 | INFO | BotTrainer | Bot_183     | 0.26        | 122.48      | 0.44        | 39.00       | 3.31        | 2.00        | 0.00        | 14.00       | 100.00      | 50.00       | 2.00        | 1.00        | 150.00      | 1.00       
2025-12-17 23:03:16,649 | INFO | BotTrainer | Bot_238     | 0.26        | 107.98      | 0.32        | 34.00       | 3.01        | 3.00        | 0.00        | 21.00       | 75.00       | 75.00       | 2.00        | 0.50        | 225.00      | 1.00       
2025-12-17 23:03:16,650 | INFO | BotTrainer | Bot_263     | 0.26        | 27.24       | 0.37        | 30.00       | 4.97        | 3.00        | 0.00        | 21.00       | 100.00      | 75.00       | 2.00        | 1.00        | 225.00      | 1.00       
2025-12-17 23:03:16,650 | INFO | BotTrainer | Bot_67      | 0.26        | 129.29      | 0.33        | 75.00       | 3.53        | 2.00        | 0.00        | 5.00        | 75.00       | 75.00       | 1.50        | 0.50        | 225.00      | 1.00       
2025-12-17 23:03:16,650 | INFO | BotTrainer | Bot_206     | 0.26        | 101.90      | 0.29        | 45.00       | 2.64        | 3.00        | 0.00        | 21.00       | 50.00       | 50.00       | 2.00        | 0.50        | 150.00      | 1.00       
2025-12-17 23:03:16,651 | INFO | BotTrainer | Bot_38      | 0.26        | 46.47       | 0.22        | 85.00       | 7.24        | 3.00        | 0.00        | 5.00        | 50.00       | 50.00       | 2.00        | 0.50        | 150.00      | 1.00       
2025-12-17 23:03:16,651 | INFO | BotTrainer | Bot_99      | 0.26        | 17.22       | 0.26        | 76.00       | 8.52        | 3.00        | 0.00        | 14.00       | 21.00       | 25.00       | 1.50        | 0.50        | 75.00       | 1.00       
2025-12-17 23:03:16,651 | INFO | BotTrainer | Bot_195     | 0.26        | 12.43       | 0.26        | 69.00       | 5.53        | 3.00        | 0.00        | 21.00       | 50.00       | 25.00       | 1.50        | 0.50        | 75.00       | 1.00       
2025-12-17 23:03:16,651 | INFO | BotTrainer | Bot_255     | 0.26        | 6.49        | 0.34        | 35.00       | 6.08        | 3.00        | 0.00        | 21.00       | 100.00      | 50.00       | 2.00        | 1.00        | 150.00      | 1.00       
2025-12-17 23:03:16,652 | INFO | BotTrainer | Bot_142     | 0.25        | 80.29       | 0.27        | 44.00       | 5.13        | 3.00        | 0.00        | 14.00       | 50.00       | 75.00       | 2.00        | 0.50        | 225.00      | 1.00       
2025-12-17 23:03:16,652 | INFO | BotTrainer | Bot_159     | 0.25        | 78.57       | 0.40        | 40.00       | 4.07        | 2.00        | 0.00        | 14.00       | 75.00       | 50.00       | 2.00        | 1.00        | 150.00      | 1.00       
2025-12-17 23:03:16,652 | INFO | BotTrainer | Bot_14      | 0.25        | 26.46       | 0.22        | 74.00       | 5.44        | 3.00        | 0.00        | 5.00        | 21.00       | 50.00       | 2.00        | 0.50        | 150.00      | 1.00       
2025-12-17 23:03:16,652 | INFO | BotTrainer | Bot_190     | 0.25        | 175.51      | 0.36        | 42.00       | 4.09        | 2.00        | 0.00        | 14.00       | 100.00      | 75.00       | 2.00        | 0.50        | 225.00      | 1.00       
2025-12-17 23:03:16,653 | INFO | BotTrainer | Bot_62      | 0.25        | 10.89       | 0.21        | 82.00       | 7.54        | 3.00        | 0.00        | 5.00        | 75.00       | 50.00       | 2.00        | 0.50        | 150.00      | 1.00       
2025-12-17 23:03:16,653 | INFO | BotTrainer | Bot_259     | 0.25        | 28.84       | 0.29        | 38.00       | 4.02        | 3.00        | 0.00        | 21.00       | 100.00      | 75.00       | 1.50        | 0.50        | 225.00      | 1.00       
2025-12-17 23:03:16,653 | INFO | BotTrainer | Bot_102     | 0.25        | 31.62       | 0.22        | 73.00       | 8.04        | 3.00        | 0.00        | 14.00       | 21.00       | 25.00       | 2.00        | 0.50        | 75.00       | 1.00       
2025-12-17 23:03:16,654 | INFO | BotTrainer | Bot_182     | 0.25        | 157.68      | 0.32        | 50.00       | 2.34        | 2.00        | 0.00        | 14.00       | 100.00      | 50.00       | 2.00        | 0.50        | 150.00      | 1.00       
2025-12-17 23:03:16,654 | INFO | BotTrainer | Bot_94      | 0.24        | 122.54      | 0.27        | 71.00       | 3.53        | 2.00        | 0.00        | 5.00        | 100.00      | 75.00       | 2.00        | 0.50        | 225.00      | 1.00       
2025-12-17 23:03:16,654 | INFO | BotTrainer | Bot_167     | 0.24        | 57.42       | 0.38        | 39.00       | 6.17        | 2.00        | 0.00        | 14.00       | 75.00       | 75.00       | 2.00        | 1.00        | 225.00      | 1.00       
2025-12-17 23:03:16,655 | INFO | BotTrainer | Bot_231     | 0.24        | 36.99       | 0.37        | 35.00       | 3.11        | 2.00        | 0.00        | 21.00       | 75.00       | 50.00       | 2.00        | 1.00        | 150.00      | 1.00       
2025-12-17 23:03:16,655 | INFO | BotTrainer | Bot_30      | 0.24        | 45.18       | 0.22        | 110.00      | 7.15        | 2.00        | 0.00        | 5.00        | 50.00       | 25.00       | 2.00        | 0.50        | 75.00       | 1.00       
2025-12-17 23:03:16,655 | INFO | BotTrainer | Bot_46      | 0.24        | 100.53      | 0.26        | 70.00       | 4.54        | 2.00        | 0.00        | 5.00        | 50.00       | 75.00       | 2.00        | 0.50        | 225.00      | 1.00       
2025-12-17 23:03:16,656 | INFO | BotTrainer | Bot_158     | 0.24        | 112.45      | 0.28        | 53.00       | 2.17        | 2.00        | 0.00        | 14.00       | 75.00       | 50.00       | 2.00        | 0.50        | 150.00      | 1.00       
2025-12-17 23:03:16,656 | INFO | BotTrainer | Bot_19      | 0.24        | 48.43       | 0.29        | 66.00       | 4.97        | 2.00        | 0.00        | 5.00        | 21.00       | 75.00       | 1.50        | 0.50        | 225.00      | 1.00       
2025-12-17 23:03:16,656 | INFO | BotTrainer | Bot_6       | 0.23        | 20.57       | 0.21        | 90.00       | 6.63        | 2.00        | 0.00        | 5.00        | 21.00       | 25.00       | 2.00        | 0.50        | 75.00       | 1.00       
2025-12-17 23:03:16,657 | INFO | BotTrainer | Bot_70      | 0.23        | 57.80       | 0.24        | 68.00       | 4.47        | 2.00        | 0.00        | 5.00        | 75.00       | 75.00       | 2.00        | 0.50        | 225.00      | 1.00       
2025-12-17 23:03:16,657 | INFO | BotTrainer | Bot_166     | 0.23        | 90.91       | 0.28        | 47.00       | 5.09        | 2.00        | 0.00        | 14.00       | 75.00       | 75.00       | 2.00        | 0.50        | 225.00      | 1.00       
2025-12-17 23:03:16,657 | INFO | BotTrainer | Bot_230     | 0.23        | 85.72       | 0.28        | 43.00       | 3.34        | 2.00        | 0.00        | 21.00       | 75.00       | 50.00       | 2.00        | 0.50        | 150.00      | 1.00       
2025-12-17 23:03:16,657 | INFO | BotTrainer | Bot_251     | 0.23        | 28.54       | 0.28        | 46.00       | 3.62        | 2.00        | 0.00        | 21.00       | 100.00      | 50.00       | 1.50        | 0.50        | 150.00      | 1.00       
2025-12-17 23:03:16,658 | INFO | BotTrainer | Bot_198     | 0.23        | 37.06       | 0.22        | 67.00       | 5.78        | 2.00        | 0.00        | 21.00       | 50.00       | 25.00       | 2.00        | 0.50        | 75.00       | 1.00       
2025-12-17 23:03:16,658 | INFO | BotTrainer | Bot_126     | 0.22        | -8.69       | 0.20        | 76.00       | 8.58        | 2.00        | 0.00        | 14.00       | 50.00       | 25.00       | 2.00        | 0.50        | 75.00       | 1.00       
2025-12-17 23:03:16,658 | INFO | BotTrainer | Bot_22      | 0.22        | 22.09       | 0.22        | 60.00       | 6.37        | 2.00        | 0.00        | 5.00        | 21.00       | 75.00       | 2.00        | 0.50        | 225.00      | 1.00       
2025-12-17 23:03:16,658 | INFO | BotTrainer | Bot_135     | 0.22        | -52.41      | 0.29        | 41.00       | 12.47       | 2.00        | 0.00        | 14.00       | 50.00       | 50.00       | 2.00        | 1.00        | 150.00      | 1.00       
2025-12-17 23:03:16,659 | INFO | BotTrainer | Bot_254     | 0.22        | 22.84       | 0.22        | 45.00       | 3.56        | 2.00        | 0.00        | 21.00       | 100.00      | 50.00       | 2.00        | 0.50        | 150.00      | 1.00       
2025-12-17 23:03:16,659 | INFO | BotTrainer | Bot_262     | 0.21        | 33.41       | 0.24        | 38.00       | 4.01        | 2.00        | 0.00        | 21.00       | 100.00      | 75.00       | 2.00        | 0.50        | 225.00      | 1.00       
2025-12-17 23:03:16,659 | INFO | BotTrainer | Bot_134     | 0.21        | 22.59       | 0.22        | 50.00       | 6.16        | 2.00        | 0.00        | 14.00       | 50.00       | 50.00       | 2.00        | 0.50        | 150.00      | 1.00       
2025-12-17 23:03:16,660 | INFO | BotTrainer | Bot_246     | 0.10        | 0.00        | 0.00        | 0.00        | 0.00        | 0.00        | 0.00        | 21.00       | 100.00      | 25.00       | 2.00        | 0.50        | 75.00       | 1.00       
2025-12-17 23:03:16,660 | INFO | BotTrainer | Bot_248     | 0.10        | 0.00        | 0.00        | 0.00        | 0.00        | 0.00        | 0.00        | 21.00       | 100.00      | 25.00       | 2.00        | 1.50        | 75.00       | 1.00       
2025-12-17 23:03:16,660 | INFO | BotTrainer | Bot_247     | 0.10        | 0.00        | 0.00        | 0.00        | 0.00        | 0.00        | 0.00        | 21.00       | 100.00      | 25.00       | 2.00        | 1.00        | 75.00       | 1.00       
2025-12-17 23:03:16,661 | INFO | BotTrainer | Bot_145     | 0.10        | 0.00        | 0.00        | 0.00        | 0.00        | 0.00        | 0.00        | 14.00       | 75.00       | 25.00       | 1.00        | 0.50        | 75.00       | 1.00       
2025-12-17 23:03:16,661 | INFO | BotTrainer | Bot_150     | 0.10        | 0.00        | 0.00        | 0.00        | 0.00        | 0.00        | 0.00        | 14.00       | 75.00       | 25.00       | 2.00        | 0.50        | 75.00       | 1.00       
2025-12-17 23:03:16,661 | INFO | BotTrainer | Bot_147     | 0.10        | 0.00        | 0.00        | 0.00        | 0.00        | 0.00        | 0.00        | 14.00       | 75.00       | 25.00       | 1.50        | 0.50        | 75.00       | 1.00       
2025-12-17 23:03:16,662 | INFO | BotTrainer | Bot_148     | 0.10        | 0.00        | 0.00        | 0.00        | 0.00        | 0.00        | 0.00        | 14.00       | 75.00       | 25.00       | 1.50        | 1.00        | 75.00       | 1.00       
2025-12-17 23:03:16,662 | INFO | BotTrainer | Bot_146     | 0.10        | 0.00        | 0.00        | 0.00        | 0.00        | 0.00        | 0.00        | 14.00       | 75.00       | 25.00       | 1.00        | 1.00        | 75.00       | 1.00       
2025-12-17 23:03:16,663 | INFO | BotTrainer | Bot_149     | 0.10        | 0.00        | 0.00        | 0.00        | 0.00        | 0.00        | 0.00        | 14.00       | 75.00       | 25.00       | 1.50        | 1.50        | 75.00       | 1.00       
2025-12-17 23:03:16,663 | INFO | BotTrainer | Bot_169     | 0.10        | 0.00        | 0.00        | 0.00        | 0.00        | 0.00        | 0.00        | 14.00       | 100.00      | 25.00       | 1.00        | 0.50        | 75.00       | 1.00       
2025-12-17 23:03:16,664 | INFO | BotTrainer | Bot_170     | 0.10        | 0.00        | 0.00        | 0.00        | 0.00        | 0.00        | 0.00        | 14.00       | 100.00      | 25.00       | 1.00        | 1.00        | 75.00       | 1.00       
2025-12-17 23:03:16,664 | INFO | BotTrainer | Bot_171     | 0.10        | 0.00        | 0.00        | 0.00        | 0.00        | 0.00        | 0.00        | 14.00       | 100.00      | 25.00       | 1.50        | 0.50        | 75.00       | 1.00       
2025-12-17 23:03:16,665 | INFO | BotTrainer | Bot_172     | 0.10        | 0.00        | 0.00        | 0.00        | 0.00        | 0.00        | 0.00        | 14.00       | 100.00      | 25.00       | 1.50        | 1.00        | 75.00       | 1.00       
2025-12-17 23:03:16,666 | INFO | BotTrainer | Bot_173     | 0.10        | 0.00        | 0.00        | 0.00        | 0.00        | 0.00        | 0.00        | 14.00       | 100.00      | 25.00       | 1.50        | 1.50        | 75.00       | 1.00       
2025-12-17 23:03:16,666 | INFO | BotTrainer | Bot_175     | 0.10        | 0.00        | 0.00        | 0.00        | 0.00        | 0.00        | 0.00        | 14.00       | 100.00      | 25.00       | 2.00        | 1.00        | 75.00       | 1.00       
2025-12-17 23:03:16,667 | INFO | BotTrainer | Bot_151     | 0.10        | 0.00        | 0.00        | 0.00        | 0.00        | 0.00        | 0.00        | 14.00       | 75.00       | 25.00       | 2.00        | 1.00        | 75.00       | 1.00       
2025-12-17 23:03:16,667 | INFO | BotTrainer | Bot_80      | 0.10        | 0.00        | 0.00        | 0.00        | 0.00        | 0.00        | 0.00        | 5.00        | 100.00      | 25.00       | 2.00        | 1.50        | 75.00       | 1.00       
2025-12-17 23:03:16,668 | INFO | BotTrainer | Bot_77      | 0.10        | 0.00        | 0.00        | 0.00        | 0.00        | 0.00        | 0.00        | 5.00        | 100.00      | 25.00       | 1.50        | 1.50        | 75.00       | 1.00       
2025-12-17 23:03:16,668 | INFO | BotTrainer | Bot_79      | 0.10        | 0.00        | 0.00        | 0.00        | 0.00        | 0.00        | 0.00        | 5.00        | 100.00      | 25.00       | 2.00        | 1.00        | 75.00       | 1.00       
2025-12-17 23:03:16,669 | INFO | BotTrainer | Bot_78      | 0.10        | 0.00        | 0.00        | 0.00        | 0.00        | 0.00        | 0.00        | 5.00        | 100.00      | 25.00       | 2.00        | 0.50        | 75.00       | 1.00       
2025-12-17 23:03:16,669 | INFO | BotTrainer | Bot_75      | 0.10        | 0.00        | 0.00        | 0.00        | 0.00        | 0.00        | 0.00        | 5.00        | 100.00      | 25.00       | 1.50        | 0.50        | 75.00       | 1.00       
2025-12-17 23:03:16,670 | INFO | BotTrainer | Bot_174     | 0.10        | 0.00        | 0.00        | 0.00        | 0.00        | 0.00        | 0.00        | 14.00       | 100.00      | 25.00       | 2.00        | 0.50        | 75.00       | 1.00       
2025-12-17 23:03:16,670 | INFO | BotTrainer | Bot_76      | 0.10        | 0.00        | 0.00        | 0.00        | 0.00        | 0.00        | 0.00        | 5.00        | 100.00      | 25.00       | 1.50        | 1.00        | 75.00       | 1.00       
2025-12-17 23:03:16,670 | INFO | BotTrainer | Bot_176     | 0.10        | 0.00        | 0.00        | 0.00        | 0.00        | 0.00        | 0.00        | 14.00       | 100.00      | 25.00       | 2.00        | 1.50        | 75.00       | 1.00       
2025-12-17 23:03:16,671 | INFO | BotTrainer | Bot_152     | 0.10        | 0.00        | 0.00        | 0.00        | 0.00        | 0.00        | 0.00        | 14.00       | 75.00       | 25.00       | 2.00        | 1.50        | 75.00       | 1.00       
2025-12-17 23:03:16,671 | INFO | BotTrainer | Bot_55      | 0.10        | 0.00        | 0.00        | 0.00        | 0.00        | 0.00        | 0.00        | 5.00        | 75.00       | 25.00       | 2.00        | 1.00        | 75.00       | 1.00       
2025-12-17 23:03:16,671 | INFO | BotTrainer | Bot_54      | 0.10        | 0.00        | 0.00        | 0.00        | 0.00        | 0.00        | 0.00        | 5.00        | 75.00       | 25.00       | 2.00        | 0.50        | 75.00       | 1.00       
2025-12-17 23:03:16,671 | INFO | BotTrainer | Bot_56      | 0.10        | 0.00        | 0.00        | 0.00        | 0.00        | 0.00        | 0.00        | 5.00        | 75.00       | 25.00       | 2.00        | 1.50        | 75.00       | 1.00       
2025-12-17 23:03:16,672 | INFO | BotTrainer | Bot_50      | 0.10        | 0.00        | 0.00        | 0.00        | 0.00        | 0.00        | 0.00        | 5.00        | 75.00       | 25.00       | 1.00        | 1.00        | 75.00       | 1.00       
2025-12-17 23:03:16,672 | INFO | BotTrainer | Bot_49      | 0.10        | 0.00        | 0.00        | 0.00        | 0.00        | 0.00        | 0.00        | 5.00        | 75.00       | 25.00       | 1.00        | 0.50        | 75.00       | 1.00       
2025-12-17 23:03:16,673 | INFO | BotTrainer | Bot_73      | 0.10        | 0.00        | 0.00        | 0.00        | 0.00        | 0.00        | 0.00        | 5.00        | 100.00      | 25.00       | 1.00        | 0.50        | 75.00       | 1.00       
2025-12-17 23:03:16,673 | INFO | BotTrainer | Bot_74      | 0.10        | 0.00        | 0.00        | 0.00        | 0.00        | 0.00        | 0.00        | 5.00        | 100.00      | 25.00       | 1.00        | 1.00        | 75.00       | 1.00       
2025-12-17 23:03:16,674 | INFO | BotTrainer | Bot_217     | 0.10        | 0.00        | 0.00        | 0.00        | 0.00        | 0.00        | 0.00        | 21.00       | 75.00       | 25.00       | 1.00        | 0.50        | 75.00       | 1.00       
2025-12-17 23:03:16,674 | INFO | BotTrainer | Bot_52      | 0.10        | 0.00        | 0.00        | 0.00        | 0.00        | 0.00        | 0.00        | 5.00        | 75.00       | 25.00       | 1.50        | 1.00        | 75.00       | 1.00       
2025-12-17 23:03:16,675 | INFO | BotTrainer | Bot_53      | 0.10        | 0.00        | 0.00        | 0.00        | 0.00        | 0.00        | 0.00        | 5.00        | 75.00       | 25.00       | 1.50        | 1.50        | 75.00       | 1.00       
2025-12-17 23:03:16,675 | INFO | BotTrainer | Bot_51      | 0.10        | 0.00        | 0.00        | 0.00        | 0.00        | 0.00        | 0.00        | 5.00        | 75.00       | 25.00       | 1.50        | 0.50        | 75.00       | 1.00       
2025-12-17 23:03:16,676 | INFO | BotTrainer | Bot_222     | 0.10        | 0.00        | 0.00        | 0.00        | 0.00        | 0.00        | 0.00        | 21.00       | 75.00       | 25.00       | 2.00        | 0.50        | 75.00       | 1.00       
2025-12-17 23:03:16,676 | INFO | BotTrainer | Bot_220     | 0.10        | 0.00        | 0.00        | 0.00        | 0.00        | 0.00        | 0.00        | 21.00       | 75.00       | 25.00       | 1.50        | 1.00        | 75.00       | 1.00       
2025-12-17 23:03:16,677 | INFO | BotTrainer | Bot_221     | 0.10        | 0.00        | 0.00        | 0.00        | 0.00        | 0.00        | 0.00        | 21.00       | 75.00       | 25.00       | 1.50        | 1.50        | 75.00       | 1.00       
2025-12-17 23:03:16,677 | INFO | BotTrainer | Bot_219     | 0.10        | 0.00        | 0.00        | 0.00        | 0.00        | 0.00        | 0.00        | 21.00       | 75.00       | 25.00       | 1.50        | 0.50        | 75.00       | 1.00       
2025-12-17 23:03:16,678 | INFO | BotTrainer | Bot_224     | 0.10        | 0.00        | 0.00        | 0.00        | 0.00        | 0.00        | 0.00        | 21.00       | 75.00       | 25.00       | 2.00        | 1.50        | 75.00       | 1.00       
2025-12-17 23:03:16,678 | INFO | BotTrainer | Bot_223     | 0.10        | 0.00        | 0.00        | 0.00        | 0.00        | 0.00        | 0.00        | 21.00       | 75.00       | 25.00       | 2.00        | 1.00        | 75.00       | 1.00       
2025-12-17 23:03:16,679 | INFO | BotTrainer | Bot_218     | 0.10        | 0.00        | 0.00        | 0.00        | 0.00        | 0.00        | 0.00        | 21.00       | 75.00       | 25.00       | 1.00        | 1.00        | 75.00       | 1.00       
2025-12-17 23:03:16,679 | INFO | BotTrainer | Bot_241     | 0.10        | 0.00        | 0.00        | 0.00        | 0.00        | 0.00        | 0.00        | 21.00       | 100.00      | 25.00       | 1.00        | 0.50        | 75.00       | 1.00       
2025-12-17 23:03:16,680 | INFO | BotTrainer | Bot_244     | 0.10        | 0.00        | 0.00        | 0.00        | 0.00        | 0.00        | 0.00        | 21.00       | 100.00      | 25.00       | 1.50        | 1.00        | 75.00       | 1.00       
2025-12-17 23:03:16,680 | INFO | BotTrainer | Bot_243     | 0.10        | 0.00        | 0.00        | 0.00        | 0.00        | 0.00        | 0.00        | 21.00       | 100.00      | 25.00       | 1.50        | 0.50        | 75.00       | 1.00       
2025-12-17 23:03:16,681 | INFO | BotTrainer | Bot_242     | 0.10        | 0.00        | 0.00        | 0.00        | 0.00        | 0.00        | 0.00        | 21.00       | 100.00      | 25.00       | 1.00        | 1.00        | 75.00       | 1.00       
2025-12-17 23:03:16,681 | INFO | BotTrainer | Bot_245     | 0.10        | 0.00        | 0.00        | 0.00        | 0.00        | 0.00        | 0.00        | 21.00       | 100.00      | 25.00       | 1.50        | 1.50        | 75.00       | 1.00       