 s_normalize ; s_total_pro ; s_win_rate  ; s_num_trade ; s_max_drawd ; s_max_winni ; p_fast_peri ; p_slow_peri ; p_buffer_si ; p_slope_thr ; p_tp_pct    ; p_sl_pct    ; p_warmup_co
 0.58        ; 248.26      ; 0.76        ; 29.00       ; 3.16        ; 12.00       ; 50.00       ; 150.00      ; 2.00        ; 1.00        ; 1.50        ; 1.50        ; 150.00     
 0.52        ; -67.73      ; 0.48        ; 90.00       ; 23.51       ; 12.00       ; 21.00       ; 75.00       ; 2.00        ; 0.00        ; 1.50        ; 1.50        ; 75.00      
 0.50        ; -147.59     ; 0.44        ; 86.00       ; 29.12       ; 12.00       ; 21.00       ; 75.00       ; 2.00        ; 0.50        ; 1.50        ; 1.50        ; 75.00      
 0.50        ; -68.36      ; 0.48        ; 96.00       ; 22.41       ; 11.00       ; 14.00       ; 75.00       ; 2.00        ; 0.00        ; 1.50        ; 1.50        ; 75.00      
 0.48        ; -107.05     ; 0.45        ; 73.00       ; 24.54       ; 11.00       ; 21.00       ; 75.00       ; 2.00        ; 1.00        ; 1.50        ; 1.50        ; 75.00      
 0.47        ; -81.92      ; 0.47        ; 93.00       ; 22.39       ; 10.00       ; 14.00       ; 75.00       ; 2.00        ; 0.50        ; 1.50        ; 1.50        ; 75.00      
 0.46        ; -108.85     ; 0.46        ; 91.00       ; 26.95       ; 10.00       ; 8.00        ; 100.00      ; 2.00        ; 0.00        ; 1.50        ; 1.50        ; 100.00     
 0.46        ; -51.19      ; 0.48        ; 67.00       ; 19.74       ; 10.00       ; 21.00       ; 150.00      ; 2.00        ; 1.00        ; 1.50        ; 1.50        ; 150.00     
 0.46        ; -122.02     ; 0.46        ; 90.00       ; 28.05       ; 10.00       ; 8.00        ; 100.00      ; 2.00        ; 0.50        ; 1.50        ; 1.50        ; 100.00     
 0.46        ; 21.22       ; 0.51        ; 80.00       ; 13.32       ; 9.00        ; 50.00       ; 75.00       ; 2.00        ; 0.00        ; 1.50        ; 1.50        ; 75.00      
 0.45        ; -120.64     ; 0.45        ; 76.00       ; 25.73       ; 10.00       ; 21.00       ; 150.00      ; 2.00        ; 0.00        ; 1.50        ; 1.50        ; 150.00     
 0.45        ; -120.44     ; 0.45        ; 74.00       ; 25.71       ; 10.00       ; 21.00       ; 150.00      ; 2.00        ; 0.50        ; 1.50        ; 1.50        ; 150.00     
 0.44        ; 52.33       ; 0.53        ; 80.00       ; 10.88       ; 8.00        ; 21.00       ; 100.00      ; 2.00        ; 0.00        ; 1.50        ; 1.50        ; 100.00     
 0.43        ; 246.61      ; 0.67        ; 27.00       ; 7.72        ; 7.00        ; 50.00       ; 150.00      ; 2.00        ; 1.00        ; 2.00        ; 1.50        ; 150.00     
 0.43        ; 38.64       ; 0.52        ; 63.00       ; 10.60       ; 8.00        ; 21.00       ; 100.00      ; 2.00        ; 1.00        ; 1.50        ; 1.50        ; 100.00     
 0.43        ; 19.96       ; 0.44        ; 68.00       ; 20.46       ; 9.00        ; 14.00       ; 150.00      ; 2.00        ; 1.00        ; 2.00        ; 1.50        ; 150.00     
 0.43        ; 21.45       ; 0.51        ; 78.00       ; 16.92       ; 8.00        ; 14.00    e   ; 100.00      ; 2.00        ; 1.00        ; 1.50        ; 1.50        ; 100.00     
 0.42        ; -38.69      ; 0.49        ; 84.00       ; 14.84       ; 8.00        ; 14.00       ; 100.00      ; 2.00        ; 0.50        ; 1.50        ; 1.50        ; 100.00     
 0.42        ; 38.18       ; 0.52        ; 67.00       ; 16.61       ; 8.00        ; 14.00       ; 75.00       ; 2.00        ; 2.00        ; 1.50        ; 1.50        ; 75.00      
 0.42        ; -120.05     ; 0.44        ; 70.00       ; 26.02       ; 9.00        ; 14.00       ; 150.00      ; 2.00        ; 1.00        ; 1.50        ; 1.50        ; 150.00     
 0.42        ; -67.31      ; 0.48        ; 86.00       ; 17.42       ; 8.00        ; 14.00       ; 100.00      ; 2.00        ; 0.00        ; 1.50        ; 1.50        ; 100.00     
 0.42        ; 55.03       ; 0.43        ; 84.00       ; 11.16       ; 8.00        ; 8.00        ; 150.00      ; 2.00        ; 2.00        ; 1.50        ; 1.00        ; 150.00     
 0.42        ; -22.73      ; 0.49        ; 71.00       ; 16.01       ; 8.00        ; 8.00        ; 150.00      ; 2.00        ; 2.00        ; 1.50        ; 1.50        ; 150.00     
 0.41        ; -94.26      ; 0.46        ; 80.00       ; 23.40       ; 8.00        ; 8.00        ; 150.00      ; 2.00        ; 1.00        ; 1.50        ; 1.50        ; 150.00     
 0.41        ; -94.06      ; 0.46        ; 78.00       ; 22.25       ; 8.00        ; 14.00       ; 150.00      ; 2.00        ; 0.00        ; 1.50        ; 1.50        ; 150.00     
 0.41        ; -107.85     ; 0.46        ; 81.00       ; 24.57       ; 8.00        ; 8.00        ; 150.00      ; 2.00        ; 0.50        ; 1.50        ; 1.50        ; 150.00     
 0.41        ; -107.85     ; 0.46        ; 81.00       ; 24.57       ; 8.00        ; 8.00        ; 150.00      ; 2.00        ; 0.00        ; 1.50        ; 1.50        ; 150.00     
 0.41        ; -121.03     ; 0.45        ; 80.00       ; 24.61       ; 8.00        ; 50.00       ; 100.00      ; 2.00        ; 0.00        ; 1.50        ; 1.50        ; 100.00     
 0.40        ; -211.23     ; 0.43        ; 109.00      ; 32.50       ; 8.00        ; 8.00        ; 75.00       ; 2.00        ; 0.00        ; 1.50        ; 1.50        ; 75.00      
 0.40        ; -40.88      ; 0.42        ; 79.00       ; 20.44       ; 8.00        ; 14.00       ; 100.00      ; 2.00        ; 0.50        ; 2.00        ; 1.50        ; 100.00     
 0.40        ; -223.06     ; 0.43        ; 110.00      ; 33.53       ; 8.00        ; 8.00        ; 75.00       ; 2.00        ; 0.50        ; 1.50        ; 1.50        ; 75.00      
 0.40        ; -69.44      ; 0.41        ; 81.00       ; 22.87       ; 8.00        ; 14.00       ; 100.00      ; 2.00        ; 0.00        ; 2.00        ; 1.50        ; 100.00     
 0.40        ; -39.88      ; 0.42        ; 72.00       ; 20.72       ; 8.00        ; 14.00       ; 100.00      ; 2.00        ; 1.00        ; 2.00        ; 1.50        ; 100.00     
 0.40        ; 123.71      ; 0.63        ; 30.00       ; 4.52        ; 6.00        ; 50.00       ; 200.00      ; 2.00        ; 1.00        ; 1.50        ; 1.50        ; 200.00     
 0.40        ; 49.72       ; 0.52        ; 102.00      ; 12.31       ; 6.00        ; 14.00       ; 50.00       ; 2.00        ; 1.00        ; 1.50        ; 1.50        ; 50.00      
 0.39        ; -168.52     ; 0.38        ; 100.00      ; 32.75       ; 8.00        ; 8.00        ; 75.00       ; 2.00        ; 0.00        ; 2.00        ; 1.50        ; 75.00      
 0.39        ; -137.33     ; 0.46        ; 113.00      ; 24.89       ; 7.00        ; 14.00       ; 50.00       ; 2.00        ; 0.00        ; 1.50        ; 1.50        ; 50.00      
 0.39        ; -180.99     ; 0.38        ; 101.00      ; 33.79       ; 8.00        ; 8.00        ; 75.00       ; 2.00        ; 0.50        ; 2.00        ; 1.50        ; 75.00      
 0.39        ; -36.95      ; 0.49        ; 68.00       ; 14.71       ; 7.00        ; 50.00       ; 75.00       ; 2.00        ; 0.50        ; 1.50        ; 1.50        ; 75.00      
 0.39        ; -43.89      ; 0.42        ; 100.00      ; 19.84       ; 7.00        ; 21.00       ; 50.00       ; 2.00        ; 0.00        ; 2.00        ; 1.50        ; 50.00      
 0.38        ; 270.83      ; 0.48        ; 130.00      ; 6.96        ; 5.00        ; 14.00       ; 50.00       ; 2.00        ; 1.00        ; 1.50        ; 1.00        ; 50.00      
 0.38        ; 109.80      ; 0.43        ; 141.00      ; 12.14       ; 6.00        ; 14.00       ; 50.00       ; 2.00        ; 0.50        ; 1.50        ; 1.00        ; 50.00      
 0.38        ; 278.76      ; 0.62        ; 29.00       ; 3.18        ; 5.00        ; 50.00       ; 150.00      ; 2.00        ; 1.00        ; 2.00        ; 1.00        ; 150.00     
 0.38        ; -69.82      ; 0.48        ; 110.00      ; 17.87       ; 6.00        ; 14.00       ; 50.00       ; 2.00        ; 0.50        ; 1.50        ; 1.50        ; 50.00      
 0.38        ; -222.71     ; 0.42        ; 106.00      ; 31.45       ; 7.00        ; 21.00       ; 50.00       ; 2.00        ; 0.00        ; 1.50        ; 1.50        ; 50.00      
 0.38        ; -11.41      ; 0.50        ; 102.00      ; 22.03       ; 6.00        ; 8.00        ; 50.00       ; 2.00        ; 2.00        ; 1.50        ; 1.50        ; 50.00      
 0.38        ; 53.85       ; 0.42        ; 99.00       ; 11.18       ; 6.00        ; 8.00        ; 75.00       ; 2.00        ; 2.00        ; 1.50        ; 1.00        ; 75.00      
 0.37        ; 154.29      ; 0.59        ; 58.00       ; 9.17        ; 5.00        ; 50.00       ; 150.00      ; 2.00        ; 0.50        ; 1.50        ; 1.50        ; 150.00     
 0.37        ; 170.51      ; 0.62        ; 29.00       ; 3.63        ; 5.00        ; 50.00       ; 150.00      ; 2.00        ; 1.00        ; 1.50        ; 1.00        ; 150.00     
 0.37        ; -159.05     ; 0.42        ; 73.00       ; 25.71       ; 7.00        ; 14.00       ; 150.00      ; 2.00        ; 0.50        ; 1.50        ; 1.50        ; 150.00     
 0.37        ; -160.68     ; 0.38        ; 104.00      ; 31.99       ; 7.00        ; 8.00        ; 50.00       ; 2.00        ; 0.50        ; 2.00        ; 1.50        ; 50.00      
 0.37        ; -160.68     ; 0.38        ; 104.00      ; 31.99       ; 7.00        ; 8.00        ; 50.00       ; 2.00        ; 0.00        ; 2.00        ; 1.50        ; 50.00      
 0.37        ; -77.57      ; 0.45        ; 51.00       ; 21.39       ; 7.00        ; 14.00       ; 100.00      ; 2.00        ; 2.00        ; 1.50        ; 1.50        ; 100.00     
 0.37        ; -72.82      ; 0.40        ; 72.00       ; 23.00       ; 7.00        ; 14.00       ; 150.00      ; 2.00        ; 0.50        ; 2.00        ; 1.50        ; 150.00     
 0.37        ; -180.99     ; 0.38        ; 101.00      ; 32.75       ; 7.00        ; 14.00       ; 50.00       ; 2.00        ; 0.00        ; 2.00        ; 1.50        ; 50.00      
 0.37        ; -81.30      ; 0.47        ; 87.00       ; 21.71       ; 6.00        ; 8.00        ; 75.00       ; 2.00        ; 2.00        ; 1.50        ; 1.50        ; 75.00      
 0.36        ; 13.46       ; 0.41        ; 88.00       ; 12.45       ; 6.00        ; 21.00       ; 150.00      ; 2.00        ; 1.00        ; 1.50        ; 1.00        ; 150.00     
 0.36        ; 117.80      ; 0.38        ; 81.00       ; 12.13       ; 6.00        ; 14.00       ; 150.00      ; 2.00        ; 1.00        ; 2.00        ; 1.00        ; 150.00     
 0.36        ; -28.31      ; 0.42        ; 92.00       ; 18.20       ; 6.00        ; 14.00       ; 50.00       ; 2.00        ; 1.00        ; 2.00        ; 1.50        ; 50.00      
 0.36        ; 70.52       ; 0.54        ; 61.00       ; 7.70        ; 5.00        ; 21.00       ; 200.00      ; 2.00        ; 0.50        ; 1.50        ; 1.50        ; 200.00     
 0.36        ; 163.11      ; 0.51        ; 57.00       ; 6.44        ; 5.00        ; 21.00       ; 200.00      ; 2.00        ; 0.50        ; 2.00        ; 1.50        ; 200.00     
 0.36        ; 174.07      ; 0.51        ; 61.00       ; 10.72       ; 5.00        ; 14.00       ; 75.00       ; 2.00        ; 2.00        ; 2.00        ; 1.50        ; 75.00      
 0.36        ; 8.95        ; 0.41        ; 81.00       ; 13.23       ; 6.00        ; 14.00       ; 150.00      ; 2.00        ; 1.00        ; 1.50        ; 1.00        ; 150.00     
 0.36        ; 44.74       ; 0.64        ; 11.00       ; 3.04        ; 5.00        ; 50.00       ; 150.00      ; 2.00        ; 2.00        ; 1.50        ; 1.50        ; 150.00     
 0.36        ; 233.78      ; 0.42        ; 89.00       ; 12.32       ; 5.00        ; 8.00        ; 75.00       ; 2.00        ; 2.00        ; 2.00        ; 1.00        ; 75.00      
 0.36        ; 171.87      ; 0.60        ; 57.00       ; 3.39        ; 4.00        ; 8.00        ; 200.00      ; 2.00        ; 2.00        ; 1.50        ; 1.50        ; 200.00     
 0.36        ; 29.82       ; 0.42        ; 74.00       ; 16.52       ; 6.00        ; 14.00       ; 75.00       ; 2.00        ; 2.00        ; 1.50        ; 1.00        ; 75.00      
 0.36        ; -93.45      ; 0.46        ; 72.00       ; 21.25       ; 6.00        ; 50.00       ; 100.00      ; 2.00        ; 0.50        ; 1.50        ; 1.50        ; 100.00     
 0.36        ; -108.38     ; 0.40        ; 100.00      ; 23.93       ; 6.00        ; 14.00       ; 50.00       ; 2.00        ; 0.50        ; 2.00        ; 1.50        ; 50.00      
 0.36        ; -56.72      ; 0.49        ; 119.00      ; 16.95       ; 5.00        ; 8.00        ; 50.00       ; 2.00        ; 1.00        ; 1.50        ; 1.50        ; 50.00      
 0.36        ; -74.26      ; 0.39        ; 49.00       ; 21.79       ; 7.00        ; 14.00       ; 100.00      ; 2.00        ; 2.00        ; 2.00        ; 1.50        ; 100.00     
 0.35        ; 127.91      ; 0.55        ; 29.00       ; 4.91        ; 5.00        ; 50.00       ; 200.00      ; 2.00        ; 1.00        ; 2.00        ; 1.50        ; 200.00     
 0.35        ; -28.21      ; 0.50        ; 121.00      ; 21.89       ; 5.00        ; 8.00        ; 50.00       ; 2.00        ; 0.50        ; 1.50        ; 1.50        ; 50.00      
 0.35        ; 213.53      ; 0.50        ; 80.00       ; 6.40        ; 4.00        ; 14.00       ; 50.00       ; 2.00        ; 2.00        ; 1.50        ; 1.00        ; 50.00      
 0.35        ; -57.14      ; 0.49        ; 123.00      ; 23.09       ; 5.00        ; 8.00        ; 50.00       ; 2.00        ; 0.00        ; 1.50        ; 1.50        ; 50.00      
 0.35        ; 326.07      ; 0.48        ; 64.00       ; 4.32        ; 4.00        ; 8.00        ; 200.00      ; 2.00        ; 2.00        ; 2.00        ; 1.00        ; 200.00     
 0.35        ; 214.43      ; 0.51        ; 70.00       ; 5.17        ; 4.00        ; 8.00        ; 200.00      ; 2.00        ; 2.00        ; 1.50        ; 1.00        ; 200.00     
 0.35        ; 100.02      ; 0.48        ; 63.00       ; 13.38       ; 5.00        ; 14.00       ; 200.00      ; 2.00        ; 0.00        ; 2.00        ; 1.50        ; 200.00     
 0.35        ; -7.17       ; 0.50        ; 64.00       ; 11.96       ; 5.00        ; 21.00       ; 200.00      ; 2.00        ; 0.00        ; 1.50        ; 1.50        ; 200.00     
 0.34        ; 89.75       ; 0.47        ; 59.00       ; 11.17       ; 5.00        ; 14.00       ; 200.00      ; 2.00        ; 1.00        ; 2.00        ; 1.50        ; 200.00     
 0.34        ; 95.88       ; 0.49        ; 43.00       ; 6.90        ; 5.00        ; 21.00       ; 150.00      ; 2.00        ; 2.00        ; 1.50        ; 1.00        ; 150.00     
 0.34        ; 298.13      ; 0.45        ; 78.00       ; 6.71        ; 4.00        ; 14.00       ; 50.00       ; 2.00        ; 2.00        ; 2.00        ; 1.00        ; 50.00      
 0.34        ; 65.04       ; 0.46        ; 79.00       ; 16.38       ; 5.00        ; 14.00       ; 75.00       ; 2.00        ; 1.00        ; 2.00        ; 1.50        ; 75.00      
 0.34        ; 11.95       ; 0.41        ; 108.00      ; 13.63       ; 5.00        ; 21.00       ; 50.00       ; 2.00        ; 1.00        ; 1.50        ; 1.00        ; 50.00      
 0.34        ; 129.43      ; 0.39        ; 77.00       ; 8.28        ; 5.00        ; 8.00        ; 150.00      ; 2.00        ; 2.00        ; 2.00        ; 1.00        ; 150.00     
 0.34        ; 184.53      ; 0.57        ; 35.00       ; 3.49        ; 4.00        ; 21.00       ; 200.00      ; 2.00        ; 2.00        ; 2.00        ; 1.50        ; 200.00     
 0.34        ; 190.27      ; 0.50        ; 72.00       ; 8.97        ; 4.00        ; 50.00       ; 150.00      ; 2.00        ; 0.50        ; 1.50        ; 1.00        ; 150.00     
 0.34        ; -67.10      ; 0.48        ; 84.00       ; 22.01       ; 5.00        ; 14.00       ; 75.00       ; 2.00        ; 1.00        ; 1.50        ; 1.50        ; 75.00      
 0.34        ; -66.47      ; 0.47        ; 78.00       ; 18.79       ; 5.00        ; 21.00       ; 100.00      ; 2.00        ; 0.50        ; 1.50        ; 1.50        ; 100.00     
 0.34        ; 68.39       ; 0.47        ; 58.00       ; 12.86       ; 5.00        ; 21.00       ; 200.00      ; 2.00        ; 0.00        ; 2.00        ; 1.50        ; 200.00     
 0.34        ; 139.82      ; 0.39        ; 85.00       ; 16.43       ; 5.00        ; 8.00        ; 200.00      ; 2.00        ; 1.00        ; 2.00        ; 1.00        ; 200.00     
 0.34        ; -5.83       ; 0.50        ; 52.00       ; 13.11       ; 5.00        ; 21.00       ; 200.00      ; 2.00        ; 1.00        ; 1.50        ; 1.50        ; 200.00     
 0.34        ; 23.32       ; 0.41        ; 92.00       ; 17.79       ; 5.00        ; 8.00        ; 200.00      ; 2.00        ; 1.00        ; 1.50        ; 1.00        ; 200.00     
 0.34        ; -2.26       ; 0.40        ; 97.00       ; 17.56       ; 5.00        ; 8.00        ; 200.00      ; 2.00        ; 0.50        ; 1.50        ; 1.00        ; 200.00     
 0.33        ; 48.53       ; 0.46        ; 50.00       ; 10.96       ; 5.00        ; 21.00       ; 200.00      ; 2.00        ; 1.00        ; 2.00        ; 1.50        ; 200.00     
 0.33        ; 73.44       ; 0.36        ; 88.00       ; 12.71       ; 5.00        ; 8.00        ; 200.00      ; 2.00        ; 0.50        ; 2.00        ; 1.00        ; 200.00     
 0.33        ; 73.65       ; 0.57        ; 35.00       ; 3.27        ; 4.00        ; 21.00       ; 200.00      ; 2.00        ; 2.00        ; 1.50        ; 1.50        ; 200.00     
 0.33        ; -94.64      ; 0.37        ; 129.00      ; 16.67       ; 5.00        ; 8.00        ; 75.00       ; 2.00        ; 0.50        ; 1.50        ; 1.00        ; 75.00      
 0.33        ; -79.02      ; 0.46        ; 65.00       ; 17.06       ; 5.00        ; 14.00       ; 200.00      ; 2.00        ; 0.00        ; 1.50        ; 1.50        ; 200.00     
 0.33        ; 15.19       ; 0.44        ; 66.00       ; 14.31       ; 5.00        ; 8.00        ; 200.00      ; 2.00        ; 0.50        ; 2.00        ; 1.50        ; 200.00     
 0.33        ; 85.25       ; 0.37        ; 78.00       ; 12.12       ; 5.00        ; 14.00       ; 200.00      ; 2.00        ; 1.00        ; 2.00        ; 1.00        ; 200.00     
 0.33        ; -36.57      ; 0.39        ; 98.00       ; 19.15       ; 5.00        ; 8.00        ; 200.00      ; 2.00        ; 0.00        ; 1.50        ; 1.00        ; 200.00     
 0.33        ; -79.44      ; 0.46        ; 69.00       ; 20.01       ; 5.00        ; 8.00        ; 200.00      ; 2.00        ; 1.00        ; 1.50        ; 1.50        ; 200.00     
 0.33        ; -22.72      ; 0.43        ; 87.00       ; 21.37       ; 5.00        ; 14.00       ; 75.00       ; 2.00        ; 0.00        ; 2.00        ; 1.50        ; 75.00      
 0.33        ; -64.58      ; 0.47        ; 60.00       ; 16.17       ; 5.00        ; 14.00       ; 200.00      ; 2.00        ; 1.00        ; 1.50        ; 1.50        ; 200.00     
 0.33        ; 19.96       ; 0.44        ; 68.00       ; 16.70       ; 5.00        ; 8.00        ; 150.00      ; 2.00        ; 2.00        ; 2.00        ; 1.50        ; 150.00     
 0.33        ; -12.48      ; 0.43        ; 84.00       ; 20.90       ; 5.00        ; 21.00       ; 75.00       ; 2.00        ; 0.00        ; 2.00        ; 1.50        ; 75.00      
 0.33        ; -93.24      ; 0.46        ; 70.00       ; 19.78       ; 5.00        ; 8.00        ; 200.00      ; 2.00        ; 0.50        ; 1.50        ; 1.50        ; 200.00     
 0.33        ; 236.35      ; 0.44        ; 68.00       ; 8.64        ; 4.00        ; 50.00       ; 150.00      ; 2.00        ; 0.50        ; 2.00        ; 1.00        ; 150.00     
 0.33        ; 39.58       ; 0.53        ; 55.00       ; 4.78        ; 4.00        ; 50.00       ; 200.00      ; 2.00        ; 0.00        ; 1.50        ; 1.50        ; 200.00     
 0.33        ; -0.04       ; 0.43        ; 67.00       ; 14.31       ; 5.00        ; 8.00        ; 200.00      ; 2.00        ; 0.00        ; 2.00        ; 1.50        ; 200.00     
 0.33        ; 21.03       ; 0.44        ; 61.00       ; 15.13       ; 5.00        ; 14.00       ; 200.00      ; 2.00        ; 0.50        ; 2.00        ; 1.50        ; 200.00     
 0.33        ; -106.85     ; 0.45        ; 71.00       ; 21.01       ; 5.00        ; 8.00        ; 200.00      ; 2.00        ; 0.00        ; 1.50        ; 1.50        ; 200.00     
 0.33        ; 73.24       ; 0.43        ; 122.00      ; 11.34       ; 4.00        ; 8.00        ; 50.00       ; 2.00        ; 2.00        ; 1.50        ; 1.00        ; 50.00      
 0.33        ; -70.39      ; 0.38        ; 109.00      ; 21.65       ; 5.00        ; 14.00       ; 100.00      ; 2.00        ; 1.00        ; 1.50        ; 1.00        ; 100.00     
 0.33        ; 57.07       ; 0.55        ; 40.00       ; 6.30        ; 4.00        ; 21.00       ; 150.00      ; 2.00        ; 2.00        ; 1.50        ; 1.50        ; 150.00     
 0.33        ; -125.77     ; 0.36        ; 130.00      ; 19.59       ; 5.00        ; 8.00        ; 75.00       ; 2.00        ; 0.00        ; 1.50        ; 1.00        ; 75.00      
 0.33        ; 33.89       ; 0.45        ; 44.00       ; 12.77       ; 5.00        ; 14.00       ; 200.00      ; 2.00        ; 2.00        ; 2.00        ; 1.50        ; 200.00     
 0.33        ; -30.45      ; 0.39        ; 80.00       ; 14.93       ; 5.00        ; 14.00       ; 200.00      ; 2.00        ; 1.00        ; 1.50        ; 1.00        ; 200.00     
 0.33        ; 152.25      ; 0.51        ; 53.00       ; 12.24       ; 4.00        ; 50.00       ; 150.00      ; 2.00        ; 0.50        ; 2.00        ; 1.50        ; 150.00     
 0.33        ; -54.28      ; 0.41        ; 73.00       ; 16.21       ; 5.00        ; 21.00       ; 100.00      ; 2.00        ; 0.00        ; 2.00        ; 1.50        ; 100.00     
 0.33        ; 129.66      ; 0.50        ; 52.00       ; 8.31        ; 4.00        ; 8.00        ; 200.00      ; 2.00        ; 2.00        ; 2.00        ; 1.50        ; 200.00     
 0.33        ; -158.38     ; 0.29        ; 133.00      ; 31.47       ; 6.00        ; 8.00        ; 50.00       ; 2.00        ; 0.50        ; 2.00        ; 1.00        ; 50.00      
 0.33        ; 37.94       ; 0.52        ; 69.00       ; 14.55       ; 4.00        ; 50.00       ; 150.00      ; 2.00        ; 0.00        ; 1.50        ; 1.50        ; 150.00     
 0.33        ; -29.49      ; 0.33        ; 101.00      ; 13.95       ; 5.00        ; 21.00       ; 100.00      ; 2.00        ; 0.00        ; 2.00        ; 1.00        ; 100.00     
 0.33        ; 31.45       ; 0.35        ; 89.00       ; 15.31       ; 5.00        ; 8.00        ; 200.00      ; 2.00        ; 0.00        ; 2.00        ; 1.00        ; 200.00     
 0.33        ; 155.85      ; 0.61        ; 46.00       ; 5.28        ; 3.00        ; 50.00       ; 200.00      ; 2.00        ; 0.50        ; 1.50        ; 1.50        ; 200.00     
 0.33        ; 58.94       ; 0.45        ; 84.00       ; 10.89       ; 4.00        ; 21.00       ; 50.00       ; 2.00        ; 1.00        ; 2.00        ; 1.50        ; 50.00      
 0.33        ; -53.53      ; 0.48        ; 89.00       ; 15.42       ; 4.00        ; 21.00       ; 50.00       ; 2.00        ; 1.00        ; 1.50        ; 1.50        ; 50.00      
 0.33        ; -120.24     ; 0.44        ; 72.00       ; 24.52       ; 5.00        ; 8.00        ; 100.00      ; 2.00        ; 2.00        ; 1.50        ; 1.50        ; 100.00     
 0.33        ; 137.78      ; 0.38        ; 103.00      ; 10.75       ; 4.00        ; 21.00       ; 50.00       ; 2.00        ; 1.00        ; 2.00        ; 1.00        ; 50.00      
 0.32        ; 39.81       ; 0.41        ; 145.00      ; 11.38       ; 4.00        ; 14.00       ; 50.00       ; 2.00        ; 0.00        ; 1.50        ; 1.00        ; 50.00      
 0.32        ; 98.32       ; 0.50        ; 40.00       ; 4.63        ; 4.00        ; 21.00       ; 150.00      ; 2.00        ; 2.00        ; 2.00        ; 1.50        ; 150.00     
 0.32        ; -76.95      ; 0.44        ; 45.00       ; 14.37       ; 5.00        ; 14.00       ; 200.00      ; 2.00        ; 2.00        ; 1.50        ; 1.50        ; 200.00     
 0.32        ; -199.39     ; 0.28        ; 135.00      ; 34.91       ; 6.00        ; 8.00        ; 50.00       ; 2.00        ; 0.00        ; 2.00        ; 1.00        ; 50.00      
 0.32        ; -132.46     ; 0.43        ; 63.00       ; 20.97       ; 5.00        ; 14.00       ; 200.00      ; 2.00        ; 0.50        ; 1.50        ; 1.50        ; 200.00     
 0.32        ; -197.41     ; 0.42        ; 88.00       ; 32.31       ; 5.00        ; 8.00        ; 100.00      ; 2.00        ; 1.00        ; 1.50        ; 1.50        ; 100.00     
 0.32        ; -87.18      ; 0.36        ; 86.00       ; 19.43       ; 5.00        ; 14.00       ; 200.00      ; 2.00        ; 0.00        ; 1.50        ; 1.00        ; 200.00     
 0.32        ; -24.24      ; 0.42        ; 64.00       ; 20.78       ; 5.00        ; 8.00        ; 200.00      ; 2.00        ; 1.00        ; 2.00        ; 1.50        ; 200.00     
 0.32        ; -155.83     ; 0.35        ; 131.00      ; 24.76       ; 5.00        ; 21.00       ; 50.00       ; 2.00        ; 0.00        ; 1.50        ; 1.00        ; 50.00      
 0.32        ; 136.43      ; 0.37        ; 115.00      ; 14.93       ; 4.00        ; 14.00       ; 50.00       ; 2.00        ; 1.00        ; 2.00        ; 1.00        ; 50.00      
 0.32        ; -41.20      ; 0.33        ; 123.00      ; 20.05       ; 5.00        ; 21.00       ; 50.00       ; 2.00        ; 0.00        ; 2.00        ; 1.00        ; 50.00      
 0.32        ; 39.44       ; 0.42        ; 83.00       ; 8.86        ; 4.00        ; 50.00       ; 75.00       ; 2.00        ; 0.50        ; 1.50        ; 1.00        ; 75.00      
 0.32        ; -82.44      ; 0.40        ; 75.00       ; 22.62       ; 5.00        ; 14.00       ; 150.00      ; 2.00        ; 0.00        ; 2.00        ; 1.50        ; 150.00     
 0.32        ; 74.53       ; 0.47        ; 53.00       ; 6.69        ; 4.00        ; 50.00       ; 200.00      ; 2.00        ; 0.00        ; 2.00        ; 1.50        ; 200.00     
 0.32        ; -67.18      ; 0.31        ; 99.00       ; 17.60       ; 5.00        ; 21.00       ; 100.00      ; 2.00        ; 0.50        ; 2.00        ; 1.00        ; 100.00     
 0.32        ; -150.15     ; 0.34        ; 108.00      ; 24.04       ; 5.00        ; 21.00       ; 100.00      ; 2.00        ; 0.00        ; 1.50        ; 1.00        ; 100.00     
 0.32        ; 50.16       ; 0.45        ; 73.00       ; 11.45       ; 4.00        ; 50.00       ; 75.00       ; 2.00        ; 0.00        ; 2.00        ; 1.50        ; 75.00      
 0.32        ; 70.97       ; 0.55        ; 11.00       ; 2.17        ; 4.00        ; 50.00       ; 150.00      ; 2.00        ; 2.00        ; 2.00        ; 1.00        ; 150.00     
 0.32        ; 1.71        ; 0.34        ; 83.00       ; 16.38       ; 5.00        ; 14.00       ; 200.00      ; 2.00        ; 0.00        ; 2.00        ; 1.00        ; 200.00     
 0.32        ; 3.33        ; 0.40        ; 89.00       ; 8.16        ; 4.00        ; 50.00       ; 100.00      ; 2.00        ; 0.50        ; 1.50        ; 1.00        ; 100.00     
 0.32        ; -184.86     ; 0.34        ; 132.00      ; 26.39       ; 5.00        ; 21.00       ; 50.00       ; 2.00        ; 0.50        ; 1.50        ; 1.00        ; 50.00      
 0.32        ; 8.19        ; 0.41        ; 91.00       ; 11.30       ; 4.00        ; 50.00       ; 150.00      ; 2.00        ; 0.00        ; 1.50        ; 1.00        ; 150.00     
 0.32        ; 39.85       ; 0.55        ; 11.00       ; 2.11        ; 4.00        ; 50.00       ; 150.00      ; 2.00        ; 2.00        ; 1.50        ; 1.00        ; 150.00     
 0.32        ; -118.07     ; 0.38        ; 73.00       ; 22.78       ; 5.00        ; 21.00       ; 100.00      ; 2.00        ; 0.50        ; 2.00        ; 1.50        ; 100.00     
 0.32        ; -63.11      ; 0.41        ; 69.00       ; 25.42       ; 5.00        ; 8.00        ; 100.00      ; 2.00        ; 2.00        ; 2.00        ; 1.50        ; 100.00     
 0.31        ; 188.85      ; 0.55        ; 44.00       ; 5.36        ; 3.00        ; 50.00       ; 200.00      ; 2.00        ; 0.50        ; 2.00        ; 1.50        ; 200.00     
 0.31        ; 44.20       ; 0.55        ; 11.00       ; 3.20        ; 4.00        ; 50.00       ; 150.00      ; 2.00        ; 2.00        ; 2.00        ; 1.50        ; 150.00     
 0.31        ; -175.08     ; 0.33        ; 106.00      ; 26.78       ; 5.00        ; 21.00       ; 100.00      ; 2.00        ; 0.50        ; 1.50        ; 1.00        ; 100.00     
 0.31        ; -81.48      ; 0.40        ; 68.00       ; 24.62       ; 5.00        ; 21.00       ; 75.00       ; 2.00        ; 1.00        ; 2.00        ; 1.50        ; 75.00      
 0.31        ; 144.58      ; 0.44        ; 43.00       ; 6.93        ; 4.00        ; 21.00       ; 150.00      ; 2.00        ; 2.00        ; 2.00        ; 1.00        ; 150.00     
 0.31        ; -118.99     ; 0.39        ; 80.00       ; 29.23       ; 5.00        ; 21.00       ; 75.00       ; 2.00        ; 0.50        ; 2.00        ; 1.50        ; 75.00      
 0.31        ; -118.24     ; 0.34        ; 82.00       ; 21.03       ; 5.00        ; 14.00       ; 200.00      ; 2.00        ; 0.50        ; 1.50        ; 1.00        ; 200.00     
 0.31        ; -36.74      ; 0.48        ; 66.00       ; 17.95       ; 4.00        ; 14.00       ; 50.00       ; 2.00        ; 2.00        ; 1.50        ; 1.50        ; 50.00      
 0.31        ; 46.34       ; 0.45        ; 64.00       ; 14.40       ; 4.00        ; 50.00       ; 150.00      ; 2.00        ; 0.00        ; 2.00        ; 1.50        ; 150.00     
 0.31        ; 36.57       ; 0.45        ; 60.00       ; 11.29       ; 4.00        ; 21.00       ; 100.00      ; 2.00        ; 1.00        ; 2.00        ; 1.50        ; 100.00     
 0.31        ; 13.86       ; 0.55        ; 11.00       ; 4.75        ; 4.00        ; 50.00       ; 200.00      ; 2.00        ; 2.00        ; 1.50        ; 1.50        ; 200.00     
 0.31        ; -31.89      ; 0.39        ; 100.00      ; 17.48       ; 4.00        ; 8.00        ; 150.00      ; 2.00        ; 1.00        ; 1.50        ; 1.00        ; 150.00     
 0.31        ; 7.27        ; 0.44        ; 85.00       ; 19.62       ; 4.00        ; 14.00       ; 75.00       ; 2.00        ; 0.50        ; 2.00        ; 1.50        ; 75.00      
 0.31        ; -1.14       ; 0.40        ; 82.00       ; 11.22       ; 4.00        ; 21.00       ; 200.00      ; 2.00        ; 0.50        ; 1.50        ; 1.00        ; 200.00     
 0.31        ; 23.68       ; 0.44        ; 77.00       ; 18.84       ; 4.00        ; 8.00        ; 75.00       ; 2.00        ; 2.00        ; 2.00        ; 1.50        ; 75.00      
 0.31        ; -54.35      ; 0.39        ; 147.00      ; 18.06       ; 4.00        ; 8.00        ; 50.00       ; 2.00        ; 1.00        ; 1.50        ; 1.00        ; 50.00      
 0.31        ; 14.84       ; 0.35        ; 52.00       ; 12.35       ; 5.00        ; 14.00       ; 200.00      ; 2.00        ; 2.00        ; 2.00        ; 1.00        ; 200.00     
 0.31        ; 37.84       ; 0.35        ; 127.00      ; 13.14       ; 4.00        ; 14.00       ; 50.00       ; 2.00        ; 0.50        ; 2.00        ; 1.00        ; 50.00      
 0.31        ; -46.53      ; 0.32        ; 79.00       ; 18.90       ; 5.00        ; 14.00       ; 200.00      ; 2.00        ; 0.50        ; 2.00        ; 1.00        ; 200.00     
 0.31        ; -99.01      ; 0.37        ; 127.00      ; 15.30       ; 4.00        ; 8.00        ; 75.00       ; 2.00        ; 1.00        ; 1.50        ; 1.00        ; 75.00      
 0.31        ; 52.39       ; 0.36        ; 87.00       ; 10.70       ; 4.00        ; 50.00       ; 150.00      ; 2.00        ; 0.00        ; 2.00        ; 1.00        ; 150.00     
 0.31        ; -90.57      ; 0.35        ; 69.00       ; 21.15       ; 5.00        ; 14.00       ; 100.00      ; 2.00        ; 2.00        ; 1.50        ; 1.00        ; 100.00     
 0.31        ; -112.55     ; 0.40        ; 98.00       ; 20.78       ; 4.00        ; 21.00       ; 50.00       ; 2.00        ; 0.50        ; 2.00        ; 1.50        ; 50.00      
 0.31        ; -158.04     ; 0.37        ; 83.00       ; 33.58       ; 5.00        ; 8.00        ; 100.00      ; 2.00        ; 1.00        ; 2.00        ; 1.50        ; 100.00     
 0.31        ; 53.02       ; 0.36        ; 81.00       ; 9.56        ; 4.00        ; 21.00       ; 100.00      ; 2.00        ; 1.00        ; 2.00        ; 1.00        ; 100.00     
 0.31        ; 49.88       ; 0.35        ; 111.00      ; 17.72       ; 4.00        ; 8.00        ; 50.00       ; 2.00        ; 2.00        ; 2.00        ; 1.00        ; 50.00      
 0.31        ; -26.31      ; 0.32        ; 68.00       ; 17.98       ; 5.00        ; 14.00       ; 100.00      ; 2.00        ; 2.00        ; 2.00        ; 1.00        ; 100.00     
 0.31        ; -80.35      ; 0.34        ; 53.00       ; 13.99       ; 5.00        ; 14.00       ; 200.00      ; 2.00        ; 2.00        ; 1.50        ; 1.00        ; 200.00     
 0.30        ; -93.96      ; 0.37        ; 119.00      ; 19.40       ; 4.00        ; 8.00        ; 100.00      ; 2.00        ; 0.00        ; 1.50        ; 1.00        ; 100.00     
 0.30        ; -93.96      ; 0.37        ; 119.00      ; 19.40       ; 4.00        ; 8.00        ; 100.00      ; 2.00        ; 0.50        ; 1.50        ; 1.00        ; 100.00     
 0.30        ; -77.64      ; 0.38        ; 147.00      ; 21.80       ; 4.00        ; 8.00        ; 50.00       ; 2.00        ; 0.50        ; 1.50        ; 1.00        ; 50.00      
 0.30        ; -83.44      ; 0.37        ; 98.00       ; 18.45       ; 4.00        ; 21.00       ; 150.00      ; 2.00        ; 0.00        ; 1.50        ; 1.00        ; 150.00     
 0.30        ; -83.44      ; 0.37        ; 98.00       ; 18.45       ; 4.00        ; 21.00       ; 150.00      ; 2.00        ; 0.50        ; 1.50        ; 1.00        ; 150.00     
 0.30        ; -117.62     ; 0.40        ; 103.00      ; 25.70       ; 4.00        ; 8.00        ; 50.00       ; 2.00        ; 1.00        ; 2.00        ; 1.50        ; 50.00      
 0.30        ; -49.74      ; 0.38        ; 82.00       ; 13.68       ; 4.00        ; 21.00       ; 100.00      ; 2.00        ; 1.00        ; 1.50        ; 1.00        ; 100.00     
 0.30        ; -93.29      ; 0.37        ; 109.00      ; 20.56       ; 4.00        ; 21.00       ; 75.00       ; 2.00        ; 0.50        ; 1.50        ; 1.00        ; 75.00      
 0.30        ; 44.27       ; 0.60        ; 15.00       ; 3.23        ; 3.00        ; 50.00       ; 75.00       ; 2.00        ; 2.00        ; 1.50        ; 1.50        ; 75.00      
 0.30        ; -234.54     ; 0.42        ; 109.00      ; 32.50       ; 4.00        ; 8.00        ; 75.00       ; 2.00        ; 1.00        ; 1.50        ; 1.50        ; 75.00      
 0.30        ; -69.35      ; 0.37        ; 94.00       ; 20.47       ; 4.00        ; 14.00       ; 150.00      ; 2.00        ; 0.00        ; 1.50        ; 1.00        ; 150.00     
 0.30        ; 8.81        ; 0.34        ; 112.00      ; 18.08       ; 4.00        ; 8.00        ; 100.00      ; 2.00        ; 0.00        ; 2.00        ; 1.00        ; 100.00     
 0.30        ; 8.81        ; 0.34        ; 112.00      ; 18.08       ; 4.00        ; 8.00        ; 100.00      ; 2.00        ; 0.50        ; 2.00        ; 1.00        ; 100.00     
 0.30        ; 21.03       ; 0.44        ; 61.00       ; 20.19       ; 4.00        ; 14.00       ; 50.00       ; 2.00        ; 2.00        ; 2.00        ; 1.50        ; 50.00      
 0.30        ; -113.98     ; 0.37        ; 151.00      ; 25.00       ; 4.00        ; 8.00        ; 50.00       ; 2.00        ; 0.00        ; 1.50        ; 1.00        ; 50.00      
 0.30        ; 12.35       ; 0.42        ; 36.00       ; 3.12        ; 4.00        ; 21.00       ; 200.00      ; 2.00        ; 2.00        ; 1.50        ; 1.00        ; 200.00     
 0.30        ; 76.96       ; 0.38        ; 55.00       ; 11.21       ; 4.00        ; 14.00       ; 150.00      ; 2.00        ; 2.00        ; 2.00        ; 1.00        ; 150.00     
 0.30        ; -41.49      ; 0.33        ; 126.00      ; 16.73       ; 4.00        ; 21.00       ; 50.00       ; 2.00        ; 0.50        ; 2.00        ; 1.00        ; 50.00      
 0.30        ; 21.44       ; 0.34        ; 87.00       ; 15.74       ; 4.00        ; 14.00       ; 150.00      ; 2.00        ; 0.50        ; 2.00        ; 1.00        ; 150.00     
 0.30        ; -267.82     ; 0.40        ; 104.00      ; 32.48       ; 4.00        ; 21.00       ; 50.00       ; 2.00        ; 0.50        ; 1.50        ; 1.50        ; 50.00      
 0.30        ; 10.92       ; 0.34        ; 91.00       ; 16.64       ; 4.00        ; 14.00       ; 150.00      ; 2.00        ; 0.00        ; 2.00        ; 1.00        ; 150.00     
 0.30        ; -10.08      ; 0.33        ; 102.00      ; 19.04       ; 4.00        ; 21.00       ; 75.00       ; 2.00        ; 0.50        ; 2.00        ; 1.00        ; 75.00      
 0.30        ; -164.61     ; 0.38        ; 102.00      ; 29.95       ; 4.00        ; 8.00        ; 75.00       ; 2.00        ; 1.00        ; 2.00        ; 1.50        ; 75.00      
 0.30        ; -18.52      ; 0.33        ; 88.00       ; 13.75       ; 4.00        ; 21.00       ; 200.00      ; 2.00        ; 0.00        ; 2.00        ; 1.00        ; 200.00     
 0.30        ; -110.00     ; 0.35        ; 91.00       ; 19.84       ; 4.00        ; 21.00       ; 200.00      ; 2.00        ; 0.00        ; 1.50        ; 1.00        ; 200.00     
 0.30        ; -142.21     ; 0.35        ; 117.00      ; 24.23       ; 4.00        ; 14.00       ; 100.00      ; 2.00        ; 0.50        ; 1.50        ; 1.00        ; 100.00     
 0.30        ; -92.90      ; 0.40        ; 85.00       ; 26.81       ; 4.00        ; 8.00        ; 100.00      ; 2.00        ; 0.00        ; 2.00        ; 1.50        ; 100.00     
 0.30        ; 11.82       ; 0.34        ; 82.00       ; 14.88       ; 4.00        ; 21.00       ; 150.00      ; 2.00        ; 1.00        ; 2.00        ; 1.00        ; 150.00     
 0.30        ; -4.10       ; 0.40        ; 55.00       ; 12.25       ; 4.00        ; 14.00       ; 150.00      ; 2.00        ; 2.00        ; 1.50        ; 1.00        ; 150.00     
 0.29        ; 3.10        ; 0.43        ; 46.00       ; 15.51       ; 4.00        ; 14.00       ; 150.00      ; 2.00        ; 2.00        ; 2.00        ; 1.50        ; 150.00     
 0.29        ; -48.67      ; 0.37        ; 67.00       ; 14.33       ; 4.00        ; 21.00       ; 200.00      ; 2.00        ; 1.00        ; 1.50        ; 1.00        ; 200.00     
 0.29        ; -51.35      ; 0.32        ; 130.00      ; 21.04       ; 4.00        ; 14.00       ; 50.00       ; 2.00        ; 0.00        ; 2.00        ; 1.00        ; 50.00      
 0.29        ; -78.16      ; 0.31        ; 118.00      ; 19.24       ; 4.00        ; 8.00        ; 75.00       ; 2.00        ; 0.50        ; 2.00        ; 1.00        ; 75.00      
 0.29        ; -123.15     ; 0.34        ; 90.00       ; 20.47       ; 4.00        ; 21.00       ; 75.00       ; 2.00        ; 1.00        ; 1.50        ; 1.00        ; 75.00      
 0.29        ; -104.64     ; 0.39        ; 72.00       ; 21.02       ; 4.00        ; 21.00       ; 150.00      ; 2.00        ; 0.00        ; 2.00        ; 1.50        ; 150.00     
 0.29        ; -150.78     ; 0.35        ; 118.00      ; 26.81       ; 4.00        ; 21.00       ; 75.00       ; 2.00        ; 0.00        ; 1.50        ; 1.00        ; 75.00      
 0.29        ; -110.69     ; 0.39        ; 84.00       ; 28.28       ; 4.00        ; 8.00        ; 100.00      ; 2.00        ; 0.50        ; 2.00        ; 1.50        ; 100.00     
 0.29        ; 95.23       ; 0.37        ; 86.00       ; 7.75        ; 3.00        ; 50.00       ; 100.00      ; 2.00        ; 0.50        ; 2.00        ; 1.00        ; 100.00     
 0.29        ; 1.83        ; 0.40        ; 109.00      ; 14.27       ; 3.00        ; 50.00       ; 75.00       ; 2.00        ; 0.00        ; 1.50        ; 1.00        ; 75.00      
 0.29        ; -90.79      ; 0.43        ; 46.00       ; 18.54       ; 4.00        ; 14.00       ; 150.00      ; 2.00        ; 2.00        ; 1.50        ; 1.50        ; 150.00     
 0.29        ; -163.33     ; 0.34        ; 117.00      ; 27.18       ; 4.00        ; 14.00       ; 100.00      ; 2.00        ; 0.00        ; 1.50        ; 1.00        ; 100.00     
 0.29        ; 95.88       ; 0.38        ; 80.00       ; 6.08        ; 3.00        ; 21.00       ; 200.00      ; 2.00        ; 0.50        ; 2.00        ; 1.00        ; 200.00     
 0.29        ; -86.29      ; 0.31        ; 107.00      ; 20.70       ; 4.00        ; 14.00       ; 75.00       ; 2.00        ; 1.00        ; 2.00        ; 1.00        ; 75.00      
 0.29        ; -66.34      ; 0.31        ; 90.00       ; 16.64       ; 4.00        ; 21.00       ; 150.00      ; 2.00        ; 0.50        ; 2.00        ; 1.00        ; 150.00     
 0.29        ; -66.34      ; 0.31        ; 90.00       ; 16.64       ; 4.00        ; 21.00       ; 150.00      ; 2.00        ; 0.00        ; 2.00        ; 1.00        ; 150.00     
 0.29        ; -29.78      ; 0.33        ; 104.00      ; 25.03       ; 4.00        ; 14.00       ; 100.00      ; 2.00        ; 1.00        ; 2.00        ; 1.00        ; 100.00     
 0.29        ; -118.57     ; 0.34        ; 87.00       ; 22.43       ; 4.00        ; 14.00       ; 150.00      ; 2.00        ; 0.50        ; 1.50        ; 1.00        ; 150.00     
 0.29        ; 54.03       ; 0.53        ; 15.00       ; 3.35        ; 3.00        ; 50.00       ; 75.00       ; 2.00        ; 2.00        ; 2.00        ; 1.50        ; 75.00      
 0.29        ; 8.37        ; 0.45        ; 11.00       ; 7.41        ; 4.00        ; 50.00       ; 200.00      ; 2.00        ; 2.00        ; 2.00        ; 1.50        ; 200.00     
 0.29        ; -107.89     ; 0.38        ; 63.00       ; 18.15       ; 4.00        ; 21.00       ; 150.00      ; 2.00        ; 1.00        ; 2.00        ; 1.50        ; 150.00     
 0.29        ; -142.10     ; 0.38        ; 91.00       ; 33.24       ; 4.00        ; 8.00        ; 50.00       ; 2.00        ; 2.00        ; 2.00        ; 1.50        ; 50.00      
 0.29        ; -122.19     ; 0.38        ; 71.00       ; 22.62       ; 4.00        ; 21.00       ; 150.00      ; 2.00        ; 0.50        ; 2.00        ; 1.50        ; 150.00     
 0.29        ; -68.29      ; 0.32        ; 111.00      ; 24.75       ; 4.00        ; 21.00       ; 75.00       ; 2.00        ; 0.00        ; 2.00        ; 1.00        ; 75.00      
 0.29        ; -114.22     ; 0.30        ; 119.00      ; 22.48       ; 4.00        ; 8.00        ; 75.00       ; 2.00        ; 0.00        ; 2.00        ; 1.00        ; 75.00      
 0.29        ; 71.75       ; 0.49        ; 37.00       ; 8.21        ; 3.00        ; 50.00       ; 100.00      ; 2.00        ; 1.00        ; 2.00        ; 1.50        ; 100.00     
 0.29        ; -144.33     ; 0.37        ; 75.00       ; 24.78       ; 4.00        ; 8.00        ; 150.00      ; 2.00        ; 1.00        ; 2.00        ; 1.50        ; 150.00     
 0.29        ; -86.83      ; 0.31        ; 113.00      ; 24.70       ; 4.00        ; 14.00       ; 100.00      ; 2.00        ; 0.50        ; 2.00        ; 1.00        ; 100.00     
 0.29        ; -31.89      ; 0.39        ; 100.00      ; 16.50       ; 3.00        ; 8.00        ; 150.00      ; 2.00        ; 0.00        ; 1.50        ; 1.00        ; 150.00     
 0.29        ; -31.89      ; 0.39        ; 100.00      ; 16.50       ; 3.00        ; 8.00        ; 150.00      ; 2.00        ; 0.50        ; 1.50        ; 1.00        ; 150.00     
 0.29        ; -157.16     ; 0.37        ; 76.00       ; 25.94       ; 4.00        ; 8.00        ; 150.00      ; 2.00        ; 0.00        ; 2.00        ; 1.50        ; 150.00     
 0.29        ; -157.16     ; 0.37        ; 76.00       ; 25.94       ; 4.00        ; 8.00        ; 150.00      ; 2.00        ; 0.50        ; 2.00        ; 1.50        ; 150.00     
 0.29        ; -56.35      ; 0.31        ; 83.00       ; 18.92       ; 4.00        ; 21.00       ; 75.00       ; 2.00        ; 1.00        ; 2.00        ; 1.00        ; 75.00      
 0.28        ; -19.20      ; 0.49        ; 39.00       ; 7.70        ; 3.00        ; 50.00       ; 75.00       ; 2.00        ; 1.00        ; 1.50        ; 1.50        ; 75.00      
 0.28        ; -199.88     ; 0.32        ; 114.00      ; 30.89       ; 4.00        ; 14.00       ; 75.00       ; 2.00        ; 1.00        ; 1.50        ; 1.00        ; 75.00      
 0.28        ; -70.39      ; 0.38        ; 109.00      ; 16.84       ; 3.00        ; 8.00        ; 100.00      ; 2.00        ; 1.00        ; 1.50        ; 1.00        ; 100.00     
 0.28        ; -18.98      ; 0.49        ; 37.00       ; 7.61        ; 3.00        ; 50.00       ; 100.00      ; 2.00        ; 1.00        ; 1.50        ; 1.50        ; 100.00     
 0.28        ; 107.94      ; 0.39        ; 70.00       ; 12.37       ; 3.00        ; 14.00       ; 75.00       ; 2.00        ; 2.00        ; 2.00        ; 1.00        ; 75.00      
 0.28        ; -132.88     ; 0.30        ; 133.00      ; 27.86       ; 4.00        ; 8.00        ; 50.00       ; 2.00        ; 1.00        ; 2.00        ; 1.00        ; 50.00      
 0.28        ; 30.22       ; 0.35        ; 101.00      ; 15.28       ; 3.00        ; 50.00       ; 75.00       ; 2.00        ; 0.00        ; 2.00        ; 1.00        ; 75.00      
 0.28        ; -30.08      ; 0.39        ; 75.00       ; 8.66        ; 3.00        ; 50.00       ; 200.00      ; 2.00        ; 0.00        ; 1.50        ; 1.00        ; 200.00     
 0.28        ; -45.49      ; 0.38        ; 89.00       ; 14.95       ; 3.00        ; 8.00        ; 100.00      ; 2.00        ; 2.00        ; 1.50        ; 1.00        ; 100.00     
 0.28        ; -21.44      ; 0.33        ; 118.00      ; 12.48       ; 3.00        ; 8.00        ; 75.00       ; 2.00        ; 1.00        ; 2.00        ; 1.00        ; 75.00      
 0.28        ; -148.11     ; 0.29        ; 111.00      ; 29.18       ; 4.00        ; 14.00       ; 100.00      ; 2.00        ; 0.00        ; 2.00        ; 1.00        ; 100.00     
 0.28        ; 9.72        ; 0.34        ; 103.00      ; 15.49       ; 3.00        ; 8.00        ; 100.00      ; 2.00        ; 1.00        ; 2.00        ; 1.00        ; 100.00     
 0.28        ; 27.15       ; 0.43        ; 42.00       ; 6.86        ; 3.00        ; 50.00       ; 100.00      ; 2.00        ; 1.00        ; 1.50        ; 1.00        ; 100.00     
 0.28        ; 0.73        ; 0.40        ; 57.00       ; 7.82        ; 3.00        ; 50.00       ; 200.00      ; 2.00        ; 0.50        ; 1.50        ; 1.00        ; 200.00     
 0.28        ; -124.46     ; 0.35        ; 110.00      ; 20.17       ; 3.00        ; 50.00       ; 100.00      ; 2.00        ; 0.00        ; 1.50        ; 1.00        ; 100.00     
 0.28        ; 31.75       ; 0.35        ; 86.00       ; 14.67       ; 3.00        ; 8.00        ; 100.00      ; 2.00        ; 2.00        ; 2.00        ; 1.00        ; 100.00     
 0.28        ; -28.80      ; 0.42        ; 62.00       ; 14.83       ; 3.00        ; 50.00       ; 75.00       ; 2.00        ; 0.50        ; 2.00        ; 1.50        ; 75.00      
 0.27        ; 89.14       ; 0.40        ; 42.00       ; 8.92        ; 3.00        ; 50.00       ; 100.00      ; 2.00        ; 1.00        ; 2.00        ; 1.00        ; 100.00     
 0.27        ; 16.88       ; 0.42        ; 43.00       ; 7.84        ; 3.00        ; 50.00       ; 75.00       ; 2.00        ; 1.00        ; 1.50        ; 1.00        ; 75.00      
 0.27        ; -58.32      ; 0.32        ; 104.00      ; 15.22       ; 3.00        ; 50.00       ; 100.00      ; 2.00        ; 0.00        ; 2.00        ; 1.00        ; 100.00     
 0.27        ; -62.26      ; 0.45        ; 38.00       ; 10.48       ; 3.00        ; 21.00       ; 75.00       ; 2.00        ; 2.00        ; 1.50        ; 1.50        ; 75.00      
 0.27        ; 22.96       ; 0.35        ; 72.00       ; 9.60        ; 3.00        ; 50.00       ; 200.00      ; 2.00        ; 0.00        ; 2.00        ; 1.00        ; 200.00     
 0.27        ; 12.73       ; 0.42        ; 31.00       ; 3.11        ; 3.00        ; 50.00       ; 200.00      ; 2.00        ; 1.00        ; 1.50        ; 1.00        ; 200.00     
 0.27        ; 57.73       ; 0.39        ; 36.00       ; 4.26        ; 3.00        ; 21.00       ; 200.00      ; 2.00        ; 2.00        ; 2.00        ; 1.00        ; 200.00     
 0.27        ; -67.49      ; 0.40        ; 67.00       ; 19.09       ; 3.00        ; 50.00       ; 100.00      ; 2.00        ; 0.50        ; 2.00        ; 1.50        ; 100.00     
 0.27        ; -76.53      ; 0.44        ; 41.00       ; 13.32       ; 3.00        ; 21.00       ; 100.00      ; 2.00        ; 2.00        ; 1.50        ; 1.50        ; 100.00     
 0.27        ; 1.85        ; 0.40        ; 42.00       ; 9.23        ; 3.00        ; 21.00       ; 50.00       ; 2.00        ; 2.00        ; 1.50        ; 1.00        ; 50.00      
 0.27        ; -113.92     ; 0.39        ; 75.00       ; 23.07       ; 3.00        ; 50.00       ; 100.00      ; 2.00        ; 0.00        ; 2.00        ; 1.50        ; 100.00     
 0.27        ; -15.54      ; 0.42        ; 38.00       ; 11.77       ; 3.00        ; 21.00       ; 75.00       ; 2.00        ; 2.00        ; 2.00        ; 1.50        ; 75.00      
 0.27        ; 13.33       ; 0.34        ; 67.00       ; 11.83       ; 3.00        ; 21.00       ; 200.00      ; 2.00        ; 1.00        ; 2.00        ; 1.00        ; 200.00     
 0.27        ; 47.78       ; 0.39        ; 31.00       ; 5.28        ; 3.00        ; 50.00       ; 200.00      ; 2.00        ; 1.00        ; 2.00        ; 1.00        ; 200.00     
 0.27        ; 49.96       ; 0.53        ; 15.00       ; 2.07        ; 2.00        ; 50.00       ; 75.00       ; 2.00        ; 2.00        ; 1.50        ; 1.00        ; 75.00      
 0.27        ; 39.85       ; 0.55        ; 11.00       ; 2.07        ; 2.00        ; 50.00       ; 100.00      ; 2.00        ; 2.00        ; 1.50        ; 1.00        ; 100.00     
 0.27        ; -57.19      ; 0.32        ; 92.00       ; 19.02       ; 3.00        ; 8.00        ; 150.00      ; 2.00        ; 1.00        ; 2.00        ; 1.00        ; 150.00     
 0.26        ; 13.86       ; 0.55        ; 11.00       ; 3.09        ; 2.00        ; 50.00       ; 100.00      ; 2.00        ; 2.00        ; 1.50        ; 1.50        ; 100.00     
 0.26        ; 85.25       ; 0.37        ; 78.00       ; 8.04        ; 2.00        ; 50.00       ; 75.00       ; 2.00        ; 0.50        ; 2.00        ; 1.00        ; 75.00      
 0.26        ; -75.68      ; 0.31        ; 91.00       ; 20.65       ; 3.00        ; 8.00        ; 150.00      ; 2.00        ; 0.50        ; 2.00        ; 1.00        ; 150.00     
 0.26        ; -75.68      ; 0.31        ; 91.00       ; 20.65       ; 3.00        ; 8.00        ; 150.00      ; 2.00        ; 0.00        ; 2.00        ; 1.00        ; 150.00     
 0.26        ; -46.89      ; 0.36        ; 42.00       ; 9.34        ; 3.00        ; 21.00       ; 75.00       ; 2.00        ; 2.00        ; 1.50        ; 1.00        ; 75.00      
 0.26        ; 5.90        ; 0.34        ; 41.00       ; 8.04        ; 3.00        ; 21.00       ; 75.00       ; 2.00        ; 2.00        ; 2.00        ; 1.00        ; 75.00      
 0.25        ; -272.88     ; 0.30        ; 126.00      ; 31.35       ; 3.00        ; 14.00       ; 75.00       ; 2.00        ; 0.00        ; 1.50        ; 1.00        ; 75.00      
 0.25        ; 19.44       ; 0.45        ; 38.00       ; 7.52        ; 2.00        ; 50.00       ; 75.00       ; 2.00        ; 1.00        ; 2.00        ; 1.50        ; 75.00      
 0.25        ; -283.62     ; 0.30        ; 125.00      ; 32.39       ; 3.00        ; 14.00       ; 75.00       ; 2.00        ; 0.50        ; 1.50        ; 1.00        ; 75.00      
 0.25        ; -130.12     ; 0.38        ; 39.00       ; 20.09       ; 3.00        ; 21.00       ; 50.00       ; 2.00        ; 2.00        ; 1.50        ; 1.50        ; 50.00      
 0.25        ; 55.53       ; 0.37        ; 57.00       ; 6.60        ; 2.00        ; 50.00       ; 200.00      ; 2.00        ; 0.50        ; 2.00        ; 1.00        ; 200.00     
 0.25        ; -109.27     ; 0.35        ; 40.00       ; 17.44       ; 3.00        ; 21.00       ; 100.00      ; 2.00        ; 2.00        ; 2.00        ; 1.50        ; 100.00     
 0.25        ; -113.44     ; 0.34        ; 38.00       ; 17.19       ; 3.00        ; 21.00       ; 50.00       ; 2.00        ; 2.00        ; 2.00        ; 1.50        ; 50.00      
 0.24        ; 8.37        ; 0.45        ; 11.00       ; 4.18        ; 2.00        ; 50.00       ; 100.00      ; 2.00        ; 2.00        ; 2.00        ; 1.50        ; 100.00     
 0.24        ; 46.53       ; 0.37        ; 43.00       ; 7.96        ; 2.00        ; 50.00       ; 75.00       ; 2.00        ; 1.00        ; 2.00        ; 1.00        ; 75.00      
 0.24        ; 36.38       ; 0.37        ; 41.00       ; 7.02        ; 2.00        ; 21.00       ; 50.00       ; 2.00        ; 2.00        ; 2.00        ; 1.00        ; 50.00      
 0.23        ; -56.43      ; 0.35        ; 43.00       ; 10.40       ; 2.00        ; 21.00       ; 100.00      ; 2.00        ; 2.00        ; 1.50        ; 1.00        ; 100.00     
 0.23        ; -14.12      ; 0.33        ; 43.00       ; 8.18        ; 2.00        ; 21.00       ; 100.00      ; 2.00        ; 2.00        ; 2.00        ; 1.00        ; 100.00     
 0.23        ; -213.92     ; 0.27        ; 119.00      ; 27.77       ; 2.00        ; 14.00       ; 75.00       ; 2.00        ; 0.50        ; 2.00        ; 1.00        ; 75.00      
 0.23        ; -10.74      ; 0.36        ; 11.00       ; 3.07        ; 2.00        ; 50.00       ; 200.00      ; 2.00        ; 2.00        ; 1.50        ; 1.00        ; 200.00     
 0.22        ; 8.90        ; 0.36        ; 11.00       ; 5.20        ; 2.00        ; 50.00       ; 100.00      ; 2.00        ; 2.00        ; 2.00        ; 1.00        ; 100.00     
 0.22        ; -244.67     ; 0.26        ; 120.00      ; 30.08       ; 2.00        ; 14.00       ; 75.00       ; 2.00        ; 0.00        ; 2.00        ; 1.00        ; 75.00      
 0.21        ; 28.77       ; 0.40        ; 15.00       ; 3.09        ; 1.00        ; 50.00       ; 75.00       ; 2.00        ; 2.00        ; 2.00        ; 1.00        ; 75.00      
 0.20        ; -20.78      ; 0.27        ; 11.00       ; 5.08        ; 2.00        ; 50.00       ; 200.00      ; 2.00        ; 2.00        ; 2.00        ; 1.00        ; 200.00     
